$IIHDM,273.1,M*25
$IIHDG,273.10,9.10,E,,*2D
$IIHDM,273.1,M*25
$IIHDT,282.2,T*28
$IIHDT,282.2,T*28
$GPGGA,055628,6016.8332,N,02217.1964,E,2,12,0.5,9.8,M,18.6,M,,*42
$GPGGA,055627,6016.8332,N,02217.1964,E,2,12,0.5,9.8,M,0.0,M,,*72
$GPGLL,6016.8332,N,02217.1964,E,055627.020,A*32
$GPRMC,055627,A,6016.8332,N,02217.1964,E,0.0,0.0,090425,9.1,E*70
$GPGLL,6016.8332,N,02217.1964,E,055628.020,A*3D
$GPRMC,055628,A,6016.8332,N,02217.1964,E,0.0,0.0,090425,9.1,E*7F
$IIHDM,273.1,M*25
$IIHDG,273.10,9.10,E,,*2D
$IIHDM,273.1,M*25
$IIHDT,282.2,T*28
$IIHDT,282.2,T*28
$GPGGA,055629,6016.8331,N,02217.1964,E,2,12,0.5,9.8,M,18.6,M,,*40
$GPGGA,055628,6016.8331,N,02217.1964,E,2,12,0.5,9.8,M,0.0,M,,*7E
$GPGLL,6016.8331,N,02217.1964,E,055628.020,A*3E
$GPRMC,055628,A,6016.8331,N,02217.1964,E,0.0,0.0,090425,9.1,E*7C
$GPGLL,6016.8331,N,02217.1964,E,055629.020,A*3F
$GPRMC,055629,A,6016.8331,N,02217.1964,E,0.0,0.0,090425,9.1,E*7D
$IIHDM,273.1,M*25
$IIHDG,273.10,9.10,E,,*2D
$IIHDM,273.1,M*25
$IIHDT,282.2,T*28
$IIHDT,282.2,T*28
$GPGGA,055630,6016.8331,N,02217.1964,E,2,12,0.5,9.9,M,18.6,M,,*49
$GPGGA,055629,6016.8331,N,02217.1964,E,2,12,0.5,9.8,M,0.0,M,,*7F
$GPGLL,6016.8331,N,02217.1964,E,055629.020,A*3F
$GPRMC,055629,A,6016.8331,N,02217.1964,E,0.0,0.0,090425,9.1,E*7D
$GPGLL,6016.8331,N,02217.1964,E,055630.020,A*37
$GPRMC,055630,A,6016.8331,N,02217.1964,E,0.0,0.0,090425,9.1,E*75
!AIVDM,1,1,,A,33L?H900001V7b>RO:HI3s;p0000,0*05
!AIVDM,1,1,,A,53L?H9400000tLE0000hDtpTD00000000000001?00j330000540DQhDh00000000000000,0*57
!AIVDM,1,1,,A,B3KK;SP000IPDN8Wp`d02=N00000,0*16
!AIVDM,1,1,,A,H3KK;SP5848Dhh4000000000000,0*14
!AIVDM,1,1,,A,H3KK;STU0000000?8mlqh000;220,0*20
$IIHDM,273.1,M*25
$IIHDG,273.10,9.10,E,,*2D
$IIHDM,273.1,M*25
$IIHDT,282.2,T*28
$IIHDT,282.2,T*28
$GPGGA,055631,6016.8331,N,02217.1964,E,2,12,0.5,9.9,M,18.6,M,,*48
$GPGGA,055630,6016.8331,N,02217.1964,E,2,12,0.5,9.9,M,0.0,M,,*76
$GPGLL,6016.8331,N,02217.1964,E,055630.020,A*37
$GPRMC,055630,A,6016.8331,N,02217.1964,E,0.0,0.0,090425,9.1,E*75
$GPGLL,6016.8331,N,02217.1964,E,055631.020,A*36
$GPRMC,055631,A,6016.8331,N,02217.1964,E,0.0,0.0,090425,9.1,E*74
$IIHDM,273.1,M*25
$IIHDG,273.10,9.10,E,,*2D
$IIHDM,273.1,M*25
$IIHDT,282.2,T*28
$IIHDT,282.2,T*28
$GPGGA,055632,6016.8331,N,02217.1964,E,2,12,0.5,9.9,M,18.6,M,,*4B
$GPGGA,055631,6016.8331,N,02217.1964,E,2,12,0.5,9.9,M,0.0,M,,*77
$GPGLL,6016.8331,N,02217.1964,E,055631.020,A*36
$GPRMC,055631,A,6016.8331,N,02217.1964,E,0.0,0.0,090425,9.1,E*74
$GPGLL,6016.8331,N,02217.1964,E,055632.020,A*35
$GPRMC,055632,A,6016.8331,N,02217.1964,E,0.0,0.0,090425,9.1,E*77
$IIHDG,273.10,9.10,E,,*2D
!AIVDO,1,1,,A,33L?H900001V7b>RO:HpIs;p0000,0*44
!AIVDO,1,1,,A,53L?H9400000tLE0000hDtpTD00000000000001?00j330000540DQhDh00000000000000,0*55
!AIVDM,1,1,,A,B3KK;SP000IPDL8Wpa<02=N00000,0*4D
$GPRMC,055632,A,6016.8331,N,02217.1964,E,0.0,0.0,090425,9.1,E*77
$GPGGA,055632,6016.8339,N,02217.1960,E,2,12,0.5,9.9,M,0.0,M,,*78
$GPGLL,6016.8339,N,02217.1960,E,055632.020,A*39
!AIVDM,1,1,,A,H3KK;SP5848Dhh4000000000000,0*14
!AIVDM,1,1,,A,H3KK;STU0000000?8mlqh000;220,0*20
!AIVDM,1,1,,A,302<HTP0001V?VRRS3sP001p0000,0*5B
!AIVDM,1,1,,A,B3KI>tP000IQl58Wk1vjswv00000,0*55
!AIVDM,1,1,,A,H3KI>tPM84pB0h4AT0000000000,0*4F
!AIVDM,1,1,,A,H3KI>tT000000000000000000000,0*71
$IIHDM,273.1,M*25
$IIHDG,273.10,9.10,E,,*2D
$IIHDM,273.1,M*25
$IIHDT,282.2,T*28
$IIHDT,282.2,T*28
$GPGGA,055633,6016.8331,N,02217.1964,E,2,12,0.5,9.9,M,18.6,M,,*4A
$GPGGA,055632,6016.8331,N,02217.1964,E,2,12,0.5,9.9,M,0.0,M,,*74
$GPGLL,6016.8331,N,02217.1964,E,055632.020,A*35
$GPRMC,055632,A,6016.8331,N,02217.1964,E,0.0,0.0,090425,9.1,E*77
$GPGLL,6016.8331,N,02217.1964,E,055633.020,A*34
$GPRMC,055633,A,6016.8331,N,02217.1964,E,0.0,0.0,090425,9.1,E*76
$IIHDM,273.1,M*25
$IIHDG,273.10,9.10,E,,*2D
$IIHDM,273.1,M*25
$IIHDT,282.2,T*28
$IIHDT,282.2,T*28
$GPGGA,055634,6016.8331,N,02217.1965,E,2,12,0.5,10.0,M,18.6,M,,*7D
$GPGGA,055633,6016.8331,N,02217.1965,E,2,12,0.5,9.9,M,0.0,M,,*74
$GPGLL,6016.8331,N,02217.1965,E,055633.020,A*35
$GPRMC,055633,A,6016.8331,N,02217.1965,E,0.0,0.0,090425,9.1,E*77
$GPGLL,6016.8331,N,02217.1965,E,055634.020,A*32
$GPRMC,055634,A,6016.8331,N,02217.1965,E,0.0,0.0,090425,9.1,E*70
$GPGGA,055635,6016.8331,N,02217.1965,E,2,12,0.5,10.0,M,18.6,M,,*7C
$GPGGA,055634,6016.8331,N,02217.1965,E,2,12,0.5,10.0,M,0.0,M,,*42
$GPGLL,6016.8331,N,02217.1965,E,055634.020,A*32
$GPRMC,055634,A,6016.8331,N,02217.1965,E,0.0,0.0,090425,9.1,E*70
$GPGLL,6016.8331,N,02217.1965,E,055635.020,A*33
$GPGGA,055634,6016.8331,N,02217.1965,E,2,12,0.5,10.0,M,0.0,M,,*42
$GPGLL,6016.8331,N,02217.1965,E,055634.020,A*32
$GPRMC,055634,A,6016.8331,N,02217.1965,E,0.0,0.0,090425,9.1,E*70
$GPRMC,055635,A,6016.8331,N,02217.1965,E,0.0,0.0,090425,9.1,E*71
$IIHDG,273.10,9.10,E,,*2D
$IIHDT,282.2,T*28
$IIHDT,282.2,T*28
$IIHDM,273.1,M*25
$IIHDM,273.1,M*25
$GPGGA,055636,6016.8331,N,02217.1965,E,2,12,0.5,10.1,M,18.6,M,,*7E
$GPGGA,055635,6016.8331,N,02217.1965,E,2,12,0.5,10.0,M,0.0,M,,*43
$GPGLL,6016.8331,N,02217.1965,E,055635.020,A*33
$GPRMC,055635,A,6016.8331,N,02217.1965,E,0.0,0.0,090425,9.1,E*71
$GPGLL,6016.8331,N,02217.1965,E,055636.020,A*30
$GPRMC,055636,A,6016.8331,N,02217.1965,E,0.0,0.0,090425,9.1,E*72
$IIHDG,273.10,9.10,E,,*2D
$IIHDT,282.2,T*28
$IIHDT,282.2,T*28
$IIHDM,273.1,M*25
$IIHDM,273.1,M*25
$GPGGA,055637,6016.8331,N,02217.1965,E,2,12,0.5,10.1,M,18.6,M,,*7F
$GPGGA,055636,6016.8331,N,02217.1965,E,2,12,0.5,10.1,M,0.0,M,,*41
$GPGLL,6016.8331,N,02217.1965,E,055636.020,A*30
$GPRMC,055636,A,6016.8331,N,02217.1965,E,0.0,0.0,090425,9.1,E*72
$GPGLL,6016.8331,N,02217.1965,E,055637.020,A*31
$GPRMC,055637,A,6016.8331,N,02217.1965,E,0.0,0.0,090425,9.1,E*73
$IIHDG,273.10,9.10,E,,*2D
$IIHDT,282.2,T*28
$IIHDT,282.2,T*28
$IIHDM,273.1,M*25
$IIHDM,273.1,M*25
$GPGGA,055638,6016.8331,N,02217.1966,E,2,12,0.5,10.1,M,18.6,M,,*73
$GPGGA,055637,6016.8331,N,02217.1966,E,2,12,0.5,10.1,M,0.0,M,,*43
$GPGLL,6016.8331,N,02217.1966,E,055637.020,A*32
$GPRMC,055637,A,6016.8331,N,02217.1966,E,0.0,0.0,090425,9.1,E*70
$GPGLL,6016.8331,N,02217.1966,E,055638.020,A*3D
$GPRMC,055638,A,6016.8331,N,02217.1966,E,0.0,0.0,090425,9.1,E*7F
$IIHDG,273.10,9.10,E,,*2D
$IIHDT,282.2,T*28
$IIHDT,282.2,T*28
$IIHDM,273.1,M*25
$IIHDM,273.1,M*25
$GPGGA,055639,6016.8331,N,02217.1966,E,2,12,0.5,10.2,M,18.6,M,,*71
$GPGGA,055638,6016.8331,N,02217.1966,E,2,12,0.5,10.1,M,0.0,M,,*4C
$GPGLL,6016.8331,N,02217.1966,E,055638.020,A*3D
$GPRMC,055638,A,6016.8331,N,02217.1966,E,0.0,0.0,090425,9.1,E*7F
$GPGLL,6016.8331,N,02217.1966,E,055639.020,A*3C
$GPRMC,055639,A,6016.8331,N,02217.1966,E,0.0,0.0,090425,9.1,E*7E
$IIHDG,273.10,9.10,E,,*2D
$IIHDT,282.2,T*28
$IIHDT,282.2,T*28
$IIHDM,273.1,M*25
$IIHDM,273.1,M*25
$GPGGA,055640,6016.8331,N,02217.1966,E,2,12,0.5,10.2,M,18.6,M,,*7F
$GPGGA,055639,6016.8331,N,02217.1966,E,2,12,0.5,10.2,M,0.0,M,,*4E
$GPGLL,6016.8331,N,02217.1966,E,055639.020,A*3C
$GPRMC,055639,A,6016.8331,N,02217.1966,E,0.0,0.0,090425,9.1,E*7E
$GPGLL,6016.8331,N,02217.1966,E,055640.020,A*32
$GPRMC,055640,A,6016.8331,N,02217.1966,E,0.0,0.0,090425,9.1,E*70
$IIHDG,273.10,9.10,E,,*2D
$IIHDT,282.2,T*28
$IIHDT,282.2,T*28
$IIHDM,273.1,M*25
$IIHDM,273.1,M*25
!AIVDM,1,1,,A,33L?H900001V7b>RO:HpIs;p0000,0*46
!AIVDM,1,1,,A,53L?H9400000tLE0000hDtpTD00000000000001?00j330000540DQhDh00000000000000,0*57
!AIVDM,1,1,,A,B3KK;SP000IPDO8Wp`d02=N00000,0*17
!AIVDM,1,1,,A,H3KK;SP5848Dhh4000000000000,0*14
!AIVDM,1,1,,A,H3KK;STU0000000?8mlqh000;220,0*20
!AIVDM,1,1,,A,33c2Rb5P@01V2RVRO`o9a75p0000,0*3B
!AIVDM,1,1,,A,53c2Rb4000010@94001LE=@8u8L000000000001601I660000:1RD0DP000000000000000,0*33
!AIVDM,1,1,,A,B3KI>tP000IQl58Wk1vjswv00000,0*55
!AIVDM,1,1,,A,H3KI>tPM84pB0h4AT0000000000,0*4F
!AIVDM,1,1,,A,H3KI>tT000000000000000000000,0*71
$GPGGA,055641,6016.8331,N,02217.1966,E,2,12,0.5,10.3,M,18.6,M,,*7F
$GPGGA,055640,6016.8331,N,02217.1966,E,2,12,0.5,10.2,M,0.0,M,,*40
$GPGLL,6016.8331,N,02217.1966,E,055640.020,A*32
$GPRMC,055640,A,6016.8331,N,02217.1966,E,0.0,0.0,090425,9.1,E*70
$GPGLL,6016.8331,N,02217.1966,E,055641.020,A*33
$GPRMC,055641,A,6016.8331,N,02217.1966,E,0.0,0.0,090425,9.1,E*71
$IIHDG,273.10,9.10,E,,*2D
$IIHDT,282.2,T*28
$IIHDT,282.2,T*28
$IIHDM,273.1,M*25
$IIHDM,273.1,M*25
$GPGGA,055642,6016.8330,N,02217.1965,E,2,12,0.5,10.3,M,18.6,M,,*7E
$GPGGA,055641,6016.8330,N,02217.1965,E,2,12,0.5,10.3,M,0.0,M,,*42
$GPGLL,6016.8330,N,02217.1965,E,055641.020,A*31
$GPRMC,055641,A,6016.8330,N,02217.1965,E,0.0,0.0,090425,9.1,E*73
$GPGLL,6016.8330,N,02217.1965,E,055642.020,A*32
$GPRMC,055642,A,6016.8330,N,02217.1965,E,0.0,0.0,090425,9.1,E*70
$IIHDG,273.10,9.10,E,,*2D
$IIHDT,282.2,T*28
$IIHDT,282.2,T*28
$IIHDM,273.1,M*25
$IIHDM,273.1,M*25
!AIVDO,1,1,,A,33L?H900001V7b@RO:I8Qs;p0000,0*6B
!AIVDO,1,1,,A,53L?H9400000tLE0000hDtpTD00000000000001?00j330000540DQhDh00000000000000,0*55
!AIVDM,1,1,,A,B3KK;SP000IPDL8Wpa<02=N00000,0*4D
$GPRMC,055642,A,6016.8330,N,02217.1965,E,0.0,0.0,090425,9.1,E*70
$GPGGA,055642,6016.8339,N,02217.1960,E,2,12,0.5,10.3,M,0.0,M,,*4D
$GPGLL,6016.8339,N,02217.1960,E,055642.020,A*3E
!AIVDM,1,1,,A,H3KK;SP5848Dhh4000000000000,0*14
!AIVDM,1,1,,A,H3KK;STU0000000?8mlqh000;220,0*20
!AIVDM,1,1,,A,302<HTP0001V?VLRS3sP001p0000,0*45
!AIVDM,1,1,,A,33c2Rb5P@01V2RVRO`o9a75p0000,0*3B
!AIVDM,1,1,,A,53c2Rb4000010@94001LE=@8u8L000000000001601I660000:1RD0DP000000000000000,0*33
$GPGGA,055643,6016.8330,N,02217.1965,E,2,12,0.5,10.3,M,18.6,M,,*7F
$GPGGA,055642,6016.8330,N,02217.1965,E,2,12,0.5,10.3,M,0.0,M,,*41
$GPGLL,6016.8330,N,02217.1965,E,055642.020,A*32
$GPRMC,055642,A,6016.8330,N,02217.1965,E,0.0,0.0,090425,9.1,E*70
$GPGLL,6016.8330,N,02217.1965,E,055643.020,A*33
$GPRMC,055643,A,6016.8330,N,02217.1965,E,0.0,0.0,090425,9.1,E*71
$IIHDG,273.10,9.10,E,,*2D
$IIHDT,282.2,T*28
$IIHDT,282.2,T*28
$IIHDM,273.1,M*25
$IIHDM,273.1,M*25
$GPGGA,055644,6016.8330,N,02217.1966,E,2,12,0.5,10.3,M,18.6,M,,*7B
$GPGGA,055643,6016.8330,N,02217.1966,E,2,12,0.5,10.3,M,0.0,M,,*43
$GPGLL,6016.8330,N,02217.1966,E,055643.020,A*30
$GPRMC,055643,A,6016.8330,N,02217.1966,E,0.0,0.0,090425,9.1,E*72
$GPGLL,6016.8330,N,02217.1966,E,055644.020,A*37
$GPRMC,055644,A,6016.8330,N,02217.1966,E,0.0,0.0,090425,9.1,E*75
$IIHDG,273.10,9.10,E,,*2D
$IIHDT,282.2,T*28
$IIHDT,282.2,T*28
$IIHDM,273.1,M*25
$IIHDM,273.1,M*25
$IIHDM,273.1,M*25
$IIHDG,273.10,9.10,E,,*2D
$IIHDM,273.1,M*25
$IIHDT,282.2,T*28
$IIHDT,282.2,T*28
$GPGGA,055646,6016.8339,N,02217.1960,E,2,12,0.5,10.2,M,18.6,M,,*77
$GPGGA,055644,6016.8339,N,02217.1960,E,2,12,0.5,10.3,M,0.0,M,,*4B
$GPGLL,6016.8339,N,02217.1960,E,055644.020,A*38
$GPRMC,055644,A,6016.8339,N,02217.1960,E,0.0,0.0,090425,9.1,E*7A
$GPGLL,6016.8339,N,02217.1960,E,055646.020,A*3A
$GPRMC,055646,A,6016.8339,N,02217.1960,E,0.0,0.0,090425,9.1,E*78
$IIHDM,273.1,M*25
$IIHDG,273.10,9.10,E,,*2D
$IIHDM,273.1,M*25
$IIHDT,282.2,T*28
$IIHDT,282.2,T*28
$GPGGA,055647,6016.8339,N,02217.1960,E,2,12,0.5,10.2,M,18.6,M,,*76
$GPGGA,055646,6016.8339,N,02217.1960,E,2,12,0.5,10.2,M,0.0,M,,*48
$GPGLL,6016.8339,N,02217.1960,E,055646.020,A*3A
$GPRMC,055646,A,6016.8339,N,02217.1960,E,0.0,0.0,090425,9.1,E*78
$GPGLL,6016.8339,N,02217.1960,E,055647.020,A*3B
$GPRMC,055647,A,6016.8339,N,02217.1960,E,0.0,0.0,090425,9.1,E*79
$IIHDM,273.1,M*25
$IIHDG,273.10,9.10,E,,*2D
$IIHDM,273.1,M*25
$IIHDT,282.2,T*28
$IIHDT,282.2,T*28
$GPGGA,055648,6016.8339,N,02217.1960,E,2,12,0.5,10.1,M,18.6,M,,*7A
$GPGGA,055647,6016.8339,N,02217.1960,E,2,12,0.5,10.2,M,0.0,M,,*49
$GPGLL,6016.8339,N,02217.1960,E,055647.020,A*3B
$GPRMC,055647,A,6016.8339,N,02217.1960,E,0.0,0.0,090425,9.1,E*79
$GPGLL,6016.8339,N,02217.1960,E,055648.020,A*34
$GPRMC,055648,A,6016.8339,N,02217.1960,E,0.0,0.0,090425,9.1,E*76
$IIHDG,273.10,9.10,E,,*2D
$IIHDT,282.2,T*28
$IIHDM,273.1,M*25
$IIHDG,273.10,9.10,E,,*2D
$IIHDM,273.1,M*25
$IIHDT,282.2,T*28
$IIHDT,282.2,T*28
$GPGGA,055649,6016.8339,N,02217.1960,E,2,12,0.5,10.1,M,18.6,M,,*7B
$GPGGA,055648,6016.8339,N,02217.1960,E,2,12,0.5,10.1,M,0.0,M,,*45
$GPGLL,6016.8339,N,02217.1960,E,055648.020,A*34
$GPRMC,055648,A,6016.8339,N,02217.1960,E,0.0,0.0,090425,9.1,E*76
$GPGLL,6016.8339,N,02217.1960,E,055649.020,A*35
$GPRMC,055649,A,6016.8339,N,02217.1960,E,0.0,0.0,090425,9.1,E*77
$IIHDM,273.1,M*25
$IIHDG,273.10,9.10,E,,*2D
$IIHDM,273.1,M*25
$IIHDT,282.2,T*28
$IIHDT,282.2,T*28
$GPGGA,055650,6016.8339,N,02217.1960,E,2,12,0.5,10.1,M,18.6,M,,*73
$GPGGA,055649,6016.8339,N,02217.1960,E,2,12,0.5,10.1,M,0.0,M,,*44
$GPGLL,6016.8339,N,02217.1960,E,055649.020,A*35
$GPRMC,055649,A,6016.8339,N,02217.1960,E,0.0,0.0,090425,9.1,E*77
$GPGLL,6016.8339,N,02217.1960,E,055650.020,A*3D
$GPRMC,055650,A,6016.8339,N,02217.1960,E,0.0,0.0,090425,9.1,E*7F
$IIHDM,273.1,M*25
$IIHDG,273.10,9.10,E,,*2D
$IIHDM,273.1,M*25
$IIHDT,282.2,T*28
$IIHDT,282.2,T*28
$GPGGA,055651,6016.8339,N,02217.1960,E,2,12,0.5,10.1,M,18.6,M,,*72
$GPGGA,055650,6016.8339,N,02217.1960,E,2,12,0.5,10.1,M,0.0,M,,*4C
$GPGLL,6016.8339,N,02217.1960,E,055650.020,A*3D
$GPRMC,055650,A,6016.8339,N,02217.1960,E,0.0,0.0,090425,9.1,E*7F
$GPGLL,6016.8339,N,02217.1960,E,055651.020,A*3C
$GPRMC,055651,A,6016.8339,N,02217.1960,E,0.0,0.0,090425,9.1,E*7E
!AIVDM,1,1,,A,33L?H900001V7b@RO:I8Qs;p0000,0*69
!AIVDM,1,1,,A,53L?H9400000tLE0000hDtpTD00000000000001?00j330000540DQhDh00000000000000,0*57
!AIVDM,1,1,,A,B3KKRhP000IQNs8`1hkQ3wv00000,0*11
!AIVDM,1,1,,A,H3KKRhPl5@Th@40000000000000,0*56
!AIVDM,1,1,,A,H3KKRhTU0000000?8nhkk000;220,0*6C
!AIVDM,1,1,,A,B3KK;SP000IPDL8Wpa<02=N00000,0*4D
!AIVDM,1,1,,A,H3KK;SP5848Dhh4000000000000,0*14
!AIVDM,1,1,,A,H3KK;STU0000000?8mlqh000;220,0*20
!AIVDM,1,1,,A,33c2Rb5P@01V2RVRO`o9a75p0000,0*3B
!AIVDM,1,1,,A,53c2Rb4000010@94001LE=@8u8L000000000001601I660000:1RD0DP000000000000000,0*33
$IIHDM,273.1,M*25
$IIHDG,273.10,9.10,E,,*2D
$IIHDM,273.1,M*25
$IIHDT,282.2,T*28
$IIHDT,282.2,T*28
$GPGGA,055652,6016.8339,N,02217.1960,E,2,12,0.5,10.1,M,18.6,M,,*71
$GPGGA,055651,6016.8339,N,02217.1960,E,2,12,0.5,10.1,M,0.0,M,,*4D
$GPGLL,6016.8339,N,02217.1960,E,055651.020,A*3C
$GPRMC,055651,A,6016.8339,N,02217.1960,E,0.0,0.0,090425,9.1,E*7E
$GPGLL,6016.8339,N,02217.1960,E,055652.020,A*3F
$GPRMC,055652,A,6016.8339,N,02217.1960,E,0.0,0.0,090425,9.1,E*7D
$IIHDM,273.1,M*25
$IIHDG,273.10,9.10,E,,*2D
$IIHDM,273.1,M*25
$IIHDT,282.2,T*28
$IIHDT,282.2,T*28
$GPGGA,055653,6016.8339,N,02217.1960,E,2,12,0.5,10.1,M,18.6,M,,*70
$GPGGA,055652,6016.8339,N,02217.1960,E,2,12,0.5,10.1,M,0.0,M,,*4E
$GPGLL,6016.8339,N,02217.1960,E,055652.020,A*3F
$GPRMC,055652,A,6016.8339,N,02217.1960,E,0.0,0.0,090425,9.1,E*7D
$GPGLL,6016.8339,N,02217.1960,E,055653.020,A*3E
$GPRMC,055653,A,6016.8339,N,02217.1960,E,0.0,0.0,090425,9.1,E*7C
!AIVDO,1,1,,A,33L?H900001V7bDRO:IJ<;;p0000,0*38
!AIVDO,1,1,,A,53L?H9400000tLE0000hDtpTD00000000000001?00j330000540DQhDh00000000000000,0*55
!AIVDM,1,1,,A,B3KKRhP000IQNs8`1hkQ3wv00000,0*11
!AIVDM,1,1,,A,H3KKRhPl5@Th@40000000000000,0*56
!AIVDM,1,1,,A,H3KKRhTU0000000?8nhkk000;220,0*6C
!AIVDM,1,1,,A,B3KK;SP000IPDO`Wp``02=N00000,0*4B
$GPRMC,055653,A,6016.8339,N,02217.1960,E,0.0,0.0,090425,9.1,E*7C
$GPGGA,055653,6016.8330,N,02217.1967,E,2,12,0.5,10.1,M,0.0,M,,*41
$GPGLL,6016.8330,N,02217.1967,E,055653.020,A*30
!AIVDM,1,1,,A,H3KK;SP5848Dhh4000000000000,0*14
!AIVDM,1,1,,A,H3KK;STU0000000?8mlqh000;220,0*20
!AIVDM,1,1,,A,302<HTP0001V?VHRS3sP001p0000,0*41
!AIVDM,1,1,,A,33K`MB50001V32JROaiVBaip0000,0*52
!AIVDM,1,1,,A,53K`MB400000tLtD001H58l4000000000000000l000000000:1RD0DP000000000000000,0*41
$IIHDM,273.1,M*25
$IIHDG,273.10,9.10,E,,*2D
$IIHDM,273.1,M*25
$IIHDT,282.2,T*28
$IIHDT,282.2,T*28
$GPGGA,055654,6016.8339,N,02217.1960,E,2,12,0.5,10.1,M,18.6,M,,*77
$GPGGA,055653,6016.8339,N,02217.1960,E,2,12,0.5,10.1,M,0.0,M,,*4F
$GPGLL,6016.8339,N,02217.1960,E,055653.020,A*3E
$GPRMC,055653,A,6016.8339,N,02217.1960,E,0.0,0.0,090425,9.1,E*7C
$GPGLL,6016.8339,N,02217.1960,E,055654.020,A*39
$GPRMC,055654,A,6016.8339,N,02217.1960,E,0.0,0.0,090425,9.1,E*7B
$IIHDM,273.1,M*25
$IIHDG,273.10,9.10,E,,*2D
$IIHDM,273.1,M*25
$IIHDT,282.2,T*28
$IIHDT,282.2,T*28
$GPGGA,055655,6016.8339,N,02217.1960,E,2,12,0.5,10.1,M,18.6,M,,*76
$GPGGA,055654,6016.8339,N,02217.1960,E,2,12,0.5,10.1,M,0.0,M,,*48
$GPGLL,6016.8339,N,02217.1960,E,055654.020,A*39
$GPRMC,055654,A,6016.8339,N,02217.1960,E,0.0,0.0,090425,9.1,E*7B
$GPGLL,6016.8339,N,02217.1960,E,055655.020,A*38
$GPRMC,055655,A,6016.8339,N,02217.1960,E,0.0,0.0,090425,9.1,E*7A
$IIHDM,273.1,M*25
$IIHDG,273.10,9.10,E,,*2D
$IIHDM,273.1,M*25
$IIHDT,282.2,T*28
$IIHDT,282.2,T*28
$GPGGA,055656,6016.8339,N,02217.1960,E,2,12,0.5,10.0,M,18.6,M,,*74
$GPGGA,055655,6016.8339,N,02217.1960,E,2,12,0.5,10.1,M,0.0,M,,*49
$GPGLL,6016.8339,N,02217.1960,E,055655.020,A*38
$GPRMC,055655,A,6016.8339,N,02217.1960,E,0.0,0.0,090425,9.1,E*7A
$GPGLL,6016.8339,N,02217.1960,E,055656.020,A*3B
$GPRMC,055656,A,6016.8339,N,02217.1960,E,0.0,0.0,090425,9.1,E*79
$IIHDM,273.1,M*25
$IIHDG,273.10,9.10,E,,*2D
$IIHDM,273.1,M*25
$IIHDT,282.2,T*28
$IIHDT,282.2,T*28
$GPGGA,055657,6016.8339,N,02217.1960,E,2,12,0.5,9.9,M,18.6,M,,*44
$GPGGA,055656,6016.8339,N,02217.1960,E,2,12,0.5,10.0,M,0.0,M,,*4B
$GPGLL,6016.8339,N,02217.1960,E,055656.020,A*3B
$GPRMC,055656,A,6016.8339,N,02217.1960,E,0.0,0.0,090425,9.1,E*79
$GPGLL,6016.8339,N,02217.1960,E,055657.020,A*3A
$GPRMC,055657,A,6016.8339,N,02217.1960,E,0.0,0.0,090425,9.1,E*78
$IIHDM,273.1,M*25
$IIHDG,273.10,9.10,E,,*2D
$IIHDM,273.1,M*25
$IIHDT,282.2,T*28
$IIHDT,282.2,T*28
$GPGGA,055658,6016.8339,N,02217.1960,E,2,12,0.5,9.9,M,18.6,M,,*4B
$GPGGA,055657,6016.8339,N,02217.1960,E,2,12,0.5,9.9,M,0.0,M,,*7B
$GPGLL,6016.8339,N,02217.1960,E,055657.020,A*3A
$GPRMC,055657,A,6016.8339,N,02217.1960,E,0.0,0.0,090425,9.1,E*78
$GPGLL,6016.8339,N,02217.1960,E,055658.020,A*35
$GPRMC,055658,A,6016.8339,N,02217.1960,E,0.0,0.0,090425,9.1,E*77
$IIHDM,273.1,M*25
$IIHDG,273.10,9.10,E,,*2D
$IIHDM,273.1,M*25
$IIHDT,282.2,T*28
$IIHDT,282.2,T*28
$GPGGA,055659,6016.8339,N,02217.1960,E,2,12,0.5,9.8,M,18.6,M,,*4B
$GPGGA,055658,6016.8339,N,02217.1960,E,2,12,0.5,9.9,M,0.0,M,,*74
$GPGLL,6016.8339,N,02217.1960,E,055658.020,A*35
$GPRMC,055658,A,6016.8339,N,02217.1960,E,0.0,0.0,090425,9.1,E*77
$GPGLL,6016.8339,N,02217.1960,E,055659.020,A*34
$GPRMC,055659,A,6016.8339,N,02217.1960,E,0.0,0.0,090425,9.1,E*76
$IIHDM,273.1,M*25
$IIHDG,273.10,9.10,E,,*2D
$IIHDM,273.1,M*25
$IIHDT,282.2,T*28
$IIHDT,282.2,T*28
$GPGGA,055700,6016.8339,N,02217.1960,E,2,12,0.5,9.8,M,18.6,M,,*46
$GPGGA,055659,6016.8339,N,02217.1960,E,2,12,0.5,9.8,M,0.0,M,,*74
$GPGLL,6016.8339,N,02217.1960,E,055659.020,A*34
$GPRMC,055659,A,6016.8339,N,02217.1960,E,0.0,0.0,090425,9.1,E*76
$GPGLL,6016.8339,N,02217.1960,E,055700.020,A*39
$GPRMC,055700,A,6016.8339,N,02217.1960,E,0.0,0.0,090425,9.1,E*7B
$IIHDM,273.1,M*25
$IIHDG,273.10,9.10,E,,*2D
$IIHDM,273.1,M*25
$IIHDT,282.2,T*28
$IIHDT,282.2,T*28
$GPGGA,055701,6016.8339,N,02217.1960,E,2,12,0.5,9.8,M,18.6,M,,*47
$GPGGA,055700,6016.8339,N,02217.1960,E,2,12,0.5,9.8,M,0.0,M,,*79
$GPGLL,6016.8339,N,02217.1960,E,055700.020,A*39
$GPRMC,055700,A,6016.8339,N,02217.1960,E,0.0,0.0,090425,9.1,E*7B
$GPGLL,6016.8339,N,02217.1960,E,055701.020,A*38
$GPRMC,055701,A,6016.8339,N,02217.1960,E,0.0,0.0,090425,9.1,E*7A
!AIVDM,1,1,,A,33L?H900001V7bDRO:IJ<;;p0000,0*3A
!AIVDM,1,1,,A,53L?H9400000tLE0000hDtpTD00000000000001?00j330000540DQhDh00000000000000,0*57
!AIVDM,1,1,,A,B3KKRhP000IQNs8`1hkQ3wv00000,0*11
!AIVDM,1,1,,A,H3KKRhPl5@Th@40000000000000,0*56
!AIVDM,1,1,,A,H3KKRhTU0000000?8nhkk000;220,0*6C
!AIVDM,1,1,,A,33v5qf50001V34BROa7M19mp0000,0*46
!AIVDM,1,1,,A,53v5qf400001<9``000IE9EHTd0000000000001601T880000?1RH44Th00000000000000,0*36
!AIVDM,1,1,,A,B3KK;SP000IPDL8Wpa<02=N00000,0*4D
!AIVDM,1,1,,A,H3KK;SP5848Dhh4000000000000,0*14
!AIVDM,1,1,,A,H3KK;STU0000000?8mlqh000;220,0*20
!AIVDM,1,1,,A,33K`MB50001V32JROaiVBaip0000,0*52
!AIVDM,1,1,,A,53K`MB400000tLtD001H58l4000000000000000l000000000:1RD0DP000000000000000,0*41
$IIHDM,273.1,M*25
$IIHDG,273.10,9.10,E,,*2D
$IIHDM,273.1,M*25
$IIHDT,282.2,T*28
$IIHDT,282.2,T*28
$GPGGA,055702,6016.8339,N,02217.1960,E,2,12,0.5,9.8,M,18.6,M,,*44
$GPGGA,055701,6016.8339,N,02217.1960,E,2,12,0.5,9.8,M,0.0,M,,*78
$GPGLL,6016.8339,N,02217.1960,E,055701.020,A*38
$GPRMC,055701,A,6016.8339,N,02217.1960,E,0.0,0.0,090425,9.1,E*7A
$GPGLL,6016.8339,N,02217.1960,E,055702.020,A*3B
$GPRMC,055702,A,6016.8339,N,02217.1960,E,0.0,0.0,090425,9.1,E*79
$IIHDM,273.1,M*25
$IIHDG,273.10,9.10,E,,*2D
$IIHDM,273.1,M*25
$IIHDT,282.2,T*28
$IIHDT,282.2,T*28
$GPGGA,055703,6016.8339,N,02217.1960,E,2,12,0.5,9.8,M,18.6,M,,*45
$GPGGA,055702,6016.8339,N,02217.1960,E,2,12,0.5,9.8,M,0.0,M,,*7B
$GPGLL,6016.8339,N,02217.1960,E,055702.020,A*3B
$GPRMC,055702,A,6016.8339,N,02217.1960,E,0.0,0.0,090425,9.1,E*79
$GPGLL,6016.8339,N,02217.1960,E,055703.020,A*3A
$GPRMC,055703,A,6016.8339,N,02217.1960,E,0.0,0.0,090425,9.1,E*78
!AIVDO,1,1,,A,33L?H900001V7bHRO:IIWc;p0000,0*04
!AIVDO,1,1,,A,53L?H9400000tLE0000hDtpTD00000000000001?00j330000540DQhDh00000000000000,0*55
!AIVDM,1,1,,A,33v5qf50001V34BROa7M19mp0000,0*46
!AIVDM,1,1,,A,53v5qf400001<9``000IE9EHTd0000000000001601T880000?1RH44Th00000000000000,0*36
!AIVDM,1,1,,A,B3KK;SP000IPDO8Wp`h02=N00000,0*1B
$GPRMC,055703,A,6016.8339,N,02217.1960,E,0.0,0.0,090425,9.1,E*78
$GPGGA,055703,6016.8332,N,02217.1966,E,2,12,0.5,9.8,M,0.0,M,,*77
$GPGLL,6016.8332,N,02217.1966,E,055703.020,A*37
!AIVDM,1,1,,A,H3KK;SP5848Dhh4000000000000,0*14
!AIVDM,1,1,,A,H3KK;STU0000000?8mlqh000;220,0*20
!AIVDM,1,1,,A,302<HTP0001V?VLRS3sP001p0000,0*45
$IIHDM,273.1,M*25
$IIHDG,273.10,9.10,E,,*2D
$IIHDM,273.1,M*25
$IIHDT,282.2,T*28
$IIHDT,282.2,T*28
$GPGGA,055704,6016.8339,N,02217.1960,E,2,12,0.5,9.8,M,18.6,M,,*42
$GPGGA,055703,6016.8339,N,02217.1960,E,2,12,0.5,9.8,M,0.0,M,,*7A
$GPGLL,6016.8339,N,02217.1960,E,055703.020,A*3A
$GPRMC,055703,A,6016.8339,N,02217.1960,E,0.0,0.0,090425,9.1,E*78
$GPGLL,6016.8339,N,02217.1960,E,055704.020,A*3D
$GPRMC,055704,A,6016.8339,N,02217.1960,E,0.0,0.0,090425,9.1,E*7F
$IIHDM,273.1,M*25
$IIHDG,273.10,9.10,E,,*2D
$IIHDM,273.1,M*25
$IIHDT,282.2,T*28
$IIHDT,282.2,T*28
$GPGGA,055705,6016.8339,N,02217.1960,E,2,12,0.5,9.8,M,18.6,M,,*43
$GPGGA,055704,6016.8339,N,02217.1960,E,2,12,0.5,9.8,M,0.0,M,,*7D
$GPGLL,6016.8339,N,02217.1960,E,055704.020,A*3D
$GPRMC,055704,A,6016.8339,N,02217.1960,E,0.0,0.0,090425,9.1,E*7F
$GPGLL,6016.8339,N,02217.1960,E,055705.020,A*3C
$GPRMC,055705,A,6016.8339,N,02217.1960,E,0.0,0.0,090425,9.1,E*7E
$IIHDG,273.10,9.10,E,,*2D
$IIHDT,282.2,T*28
$IIHDM,273.1,M*25
$IIHDG,273.10,9.10,E,,*2D
$IIHDM,273.1,M*25
$IIHDT,282.2,T*28
$IIHDT,282.2,T*28
$GPGGA,055706,6016.8339,N,02217.1960,E,2,12,0.5,9.8,M,18.6,M,,*40
$GPGGA,055705,6016.8339,N,02217.1960,E,2,12,0.5,9.8,M,0.0,M,,*7C
$GPGLL,6016.8339,N,02217.1960,E,055705.020,A*3C
$GPRMC,055705,A,6016.8339,N,02217.1960,E,0.0,0.0,090425,9.1,E*7E
$GPGLL,6016.8339,N,02217.1960,E,055706.020,A*3F
$GPRMC,055706,A,6016.8339,N,02217.1960,E,0.0,0.0,090425,9.1,E*7D
$IIHDM,273.1,M*25
$IIHDG,273.10,9.10,E,,*2D
$IIHDM,273.1,M*25
$IIHDT,282.2,T*28
$IIHDT,282.2,T*28
$GPGGA,055707,6016.8339,N,02217.1960,E,2,12,0.5,9.8,M,18.6,M,,*41
$GPGGA,055706,6016.8339,N,02217.1960,E,2,12,0.5,9.8,M,0.0,M,,*7F
$GPGLL,6016.8339,N,02217.1960,E,055706.020,A*3F
$GPRMC,055706,A,6016.8339,N,02217.1960,E,0.0,0.0,090425,9.1,E*7D
$GPGLL,6016.8339,N,02217.1960,E,055707.020,A*3E
$GPRMC,055707,A,6016.8339,N,02217.1960,E,0.0,0.0,090425,9.1,E*7C
$IIHDM,273.1,M*25
$IIHDG,273.10,9.10,E,,*2D
$IIHDM,273.1,M*25
$IIHDT,282.2,T*28
$IIHDT,282.2,T*28
$GPGGA,055708,6016.8339,N,02217.1960,E,2,12,0.5,9.8,M,18.6,M,,*4E
$GPGGA,055707,6016.8339,N,02217.1960,E,2,12,0.5,9.8,M,0.0,M,,*7E
$GPGLL,6016.8339,N,02217.1960,E,055707.020,A*3E
$GPRMC,055707,A,6016.8339,N,02217.1960,E,0.0,0.0,090425,9.1,E*7C
$GPGLL,6016.8339,N,02217.1960,E,055708.020,A*31
$GPRMC,055708,A,6016.8339,N,02217.1960,E,0.0,0.0,090425,9.1,E*73
$IIHDM,273.1,M*25
$IIHDG,273.10,9.10,E,,*2D
$IIHDM,273.1,M*25
$IIHDT,282.2,T*28
$IIHDT,282.2,T*28
$GPGGA,055709,6016.8339,N,02217.1960,E,2,12,0.5,9.8,M,18.6,M,,*4F
$GPGGA,055708,6016.8339,N,02217.1960,E,2,12,0.5,9.8,M,0.0,M,,*71
$GPGLL,6016.8339,N,02217.1960,E,055708.020,A*31
$GPRMC,055708,A,6016.8339,N,02217.1960,E,0.0,0.0,090425,9.1,E*73
$GPGLL,6016.8339,N,02217.1960,E,055709.020,A*30
$GPRMC,055709,A,6016.8339,N,02217.1960,E,0.0,0.0,090425,9.1,E*72
$IIHDM,273.1,M*25
$IIHDG,273.10,9.10,E,,*2D
$IIHDM,273.1,M*25
$IIHDT,282.2,T*28
$IIHDT,282.2,T*28
$GPGGA,055710,6016.8339,N,02217.1960,E,2,12,0.5,9.8,M,18.6,M,,*47
$GPGGA,055709,6016.8339,N,02217.1960,E,2,12,0.5,9.8,M,0.0,M,,*70
$GPGLL,6016.8339,N,02217.1960,E,055709.020,A*30
$GPRMC,055709,A,6016.8339,N,02217.1960,E,0.0,0.0,090425,9.1,E*72
$GPGLL,6016.8339,N,02217.1960,E,055710.020,A*38
$GPRMC,055710,A,6016.8339,N,02217.1960,E,0.0,0.0,090425,9.1,E*7A
$IIHDM,273.1,M*25
$IIHDG,273.10,9.10,E,,*2D
$IIHDM,273.1,M*25
$IIHDT,282.2,T*28
$IIHDT,282.2,T*28
$GPGGA,055711,6016.8339,N,02217.1960,E,2,12,0.5,9.9,M,18.6,M,,*47
$GPGGA,055710,6016.8339,N,02217.1960,E,2,12,0.5,9.8,M,0.0,M,,*78
$GPGLL,6016.8339,N,02217.1960,E,055710.020,A*38
$GPRMC,055710,A,6016.8339,N,02217.1960,E,0.0,0.0,090425,9.1,E*7A
$GPGLL,6016.8339,N,02217.1960,E,055711.020,A*39
$GPRMC,055711,A,6016.8339,N,02217.1960,E,0.0,0.0,090425,9.1,E*7B
!AIVDM,1,1,,A,33L?H900001V7bHRO:IIWc;p0000,0*06
!AIVDM,1,1,,A,53L?H9400000tLE0000hDtpTD00000000000001?00j330000540DQhDh00000000000000,0*57
!AIVDM,1,1,,A,33v5qf50001V34BROa7M19mp0000,0*46
!AIVDM,1,1,,A,53v5qf400001<9``000IE9EHTd0000000000001601T880000?1RH44Th00000000000000,0*36
!AIVDM,1,1,,A,B3KK;SP000IPDL8Wpa<02=N00000,0*4D
!AIVDM,1,1,,A,H3KK;SP5848Dhh4000000000000,0*14
!AIVDM,1,1,,A,H3KK;STU0000000?8mlqh000;220,0*20
!AIVDM,1,1,,A,33c2Rb5P@01V2RVRO`o9a75p0000,0*3B
!AIVDM,1,1,,A,53c2Rb4000010@94001LE=@8u8L000000000001601I660000:1RD0DP000000000000000,0*33
$IIHDM,273.1,M*25
$IIHDG,273.10,9.10,E,,*2D
$IIHDM,273.1,M*25
$IIHDT,282.2,T*28
$IIHDT,282.2,T*28
$GPGGA,055712,6016.8339,N,02217.1960,E,2,12,0.5,9.9,M,18.6,M,,*44
$GPGGA,055711,6016.8339,N,02217.1960,E,2,12,0.5,9.9,M,0.0,M,,*78
$GPGLL,6016.8339,N,02217.1960,E,055711.020,A*39
$GPRMC,055711,A,6016.8339,N,02217.1960,E,0.0,0.0,090425,9.1,E*7B
$GPGLL,6016.8339,N,02217.1960,E,055712.020,A*3A
$GPRMC,055712,A,6016.8339,N,02217.1960,E,0.0,0.0,090425,9.1,E*78
$IIHDM,273.1,M*25
$IIHDG,273.10,9.10,E,,*2D
$IIHDM,273.1,M*25
$IIHDT,282.2,T*28
$IIHDT,282.2,T*28
$GPGGA,055713,6016.8339,N,02217.1960,E,2,12,0.5,9.9,M,18.6,M,,*45
$GPGGA,055712,6016.8339,N,02217.1960,E,2,12,0.5,9.9,M,0.0,M,,*7B
$GPGLL,6016.8339,N,02217.1960,E,055712.020,A*3A
$GPRMC,055712,A,6016.8339,N,02217.1960,E,0.0,0.0,090425,9.1,E*78
$GPGLL,6016.8339,N,02217.1960,E,055713.020,A*3B
$GPRMC,055713,A,6016.8339,N,02217.1960,E,0.0,0.0,090425,9.1,E*79
!AIVDO,1,1,,A,33L?H900001V7bFRO:HIf;;p0000,0*62
!AIVDO,1,1,,A,53L?H9400000tLE0000hDtpTD00000000000001?00j330000540DQhDh00000000000000,0*55
!AIVDM,1,1,,A,B3KK;SP000IPDO`Wp`h02=N00000,0*43
$GPRMC,055713,A,6016.8339,N,02217.1960,E,0.0,0.0,090425,9.1,E*79
$GPGGA,055713,6016.8332,N,02217.1967,E,2,12,0.5,9.9,M,0.0,M,,*76
$GPGLL,6016.8332,N,02217.1967,E,055713.020,A*37
!AIVDM,1,1,,A,H3KK;SP5848Dhh4000000000000,0*14
!AIVDM,1,1,,A,H3KK;STU0000000?8mlqh000;220,0*20
!AIVDM,1,1,,A,302<HTP0001V?VLRS3sP001p0000,0*45
!AIVDM,1,1,,A,33c2Rb5P@01V2RVRO`o9a75p0000,0*3B
!AIVDM,1,1,,A,53c2Rb4000010@94001LE=@8u8L000000000001601I660000:1RD0DP000000000000000,0*33
$IIHDM,273.1,M*25
$IIHDG,273.10,9.10,E,,*2D
$IIHDM,273.1,M*25
$IIHDT,282.2,T*28
$IIHDT,282.2,T*28
$GPGGA,055714,6016.8339,N,02217.1960,E,2,12,0.5,9.8,M,18.6,M,,*43
$GPGGA,055713,6016.8339,N,02217.1960,E,2,12,0.5,9.9,M,0.0,M,,*7A
$GPGLL,6016.8339,N,02217.1960,E,055713.020,A*3B
$GPRMC,055713,A,6016.8339,N,02217.1960,E,0.0,0.0,090425,9.1,E*79
$GPGLL,6016.8339,N,02217.1960,E,055714.020,A*3C
$GPRMC,055714,A,6016.8339,N,02217.1960,E,0.0,0.0,090425,9.1,E*7E
$IIHDM,273.1,M*25
$IIHDG,273.10,9.10,E,,*2D
$IIHDM,273.1,M*25
$IIHDT,282.2,T*28
$IIHDT,282.2,T*28
$GPGGA,055715,6016.8339,N,02217.1960,E,2,12,0.5,9.8,M,18.6,M,,*42
$GPGGA,055714,6016.8339,N,02217.1960,E,2,12,0.5,9.8,M,0.0,M,,*7C
$GPGLL,6016.8339,N,02217.1960,E,055714.020,A*3C
$GPRMC,055714,A,6016.8339,N,02217.1960,E,0.0,0.0,090425,9.1,E*7E
$GPGLL,6016.8339,N,02217.1960,E,055715.020,A*3D
$GPRMC,055715,A,6016.8339,N,02217.1960,E,0.0,0.0,090425,9.1,E*7F
$IIHDM,273.1,M*25
$IIHDG,273.10,9.10,E,,*2D
$IIHDM,273.1,M*25
$IIHDT,282.2,T*28
$IIHDT,282.2,T*28
$GPGGA,055716,6016.8339,N,02217.1960,E,2,12,0.5,9.7,M,18.6,M,,*4E
$GPGGA,055715,6016.8339,N,02217.1960,E,2,12,0.5,9.8,M,0.0,M,,*7D
$GPGLL,6016.8339,N,02217.1960,E,055715.020,A*3D
$GPRMC,055715,A,6016.8339,N,02217.1960,E,0.0,0.0,090425,9.1,E*7F
$GPGLL,6016.8339,N,02217.1960,E,055716.020,A*3E
$GPRMC,055716,A,6016.8339,N,02217.1960,E,0.0,0.0,090425,9.1,E*7C
$IIHDM,273.1,M*25
$IIHDG,273.10,9.10,E,,*2D
$IIHDM,273.1,M*25
$IIHDT,282.2,T*28
$IIHDT,282.2,T*28
$GPGGA,055717,6016.8339,N,02217.1960,E,2,12,0.5,9.6,M,18.6,M,,*4E
$GPGGA,055716,6016.8339,N,02217.1960,E,2,12,0.5,9.7,M,0.0,M,,*71
$GPGLL,6016.8339,N,02217.1960,E,055716.020,A*3E
$GPRMC,055716,A,6016.8339,N,02217.1960,E,0.0,0.0,090425,9.1,E*7C
$GPGLL,6016.8339,N,02217.1960,E,055717.020,A*3F
$GPRMC,055717,A,6016.8339,N,02217.1960,E,0.0,0.0,090425,9.1,E*7D
$IIHDM,273.1,M*25
$IIHDG,273.10,9.10,E,,*2D
$IIHDM,273.1,M*25
$IIHDT,282.2,T*28
$IIHDT,282.2,T*28
$GPGGA,055718,6016.8339,N,02217.1960,E,2,12,0.5,9.6,M,18.6,M,,*41
$GPGGA,055717,6016.8339,N,02217.1960,E,2,12,0.5,9.6,M,0.0,M,,*71
$GPGLL,6016.8339,N,02217.1960,E,055717.020,A*3F
$GPRMC,055717,A,6016.8339,N,02217.1960,E,0.0,0.0,090425,9.1,E*7D
$GPGLL,6016.8339,N,02217.1960,E,055718.020,A*30
$GPRMC,055718,A,6016.8339,N,02217.1960,E,0.0,0.0,090425,9.1,E*72
$IIHDM,273.1,M*25
$IIHDG,273.10,9.10,E,,*2D
$IIHDM,273.1,M*25
$IIHDT,282.2,T*28
$IIHDT,282.2,T*28
$GPGGA,055719,6016.8339,N,02217.1960,E,2,12,0.5,9.5,M,18.6,M,,*43
$GPGGA,055718,6016.8339,N,02217.1960,E,2,12,0.5,9.6,M,0.0,M,,*7E
$GPGLL,6016.8339,N,02217.1960,E,055718.020,A*30
$GPRMC,055718,A,6016.8339,N,02217.1960,E,0.0,0.0,090425,9.1,E*72
$GPGLL,6016.8339,N,02217.1960,E,055719.020,A*31
$GPRMC,055719,A,6016.8339,N,02217.1960,E,0.0,0.0,090425,9.1,E*73
$IIHDM,273.1,M*25
$IIHDG,273.10,9.10,E,,*2D
$IIHDM,273.1,M*25
$IIHDT,282.2,T*28
$IIHDT,282.2,T*28
$GPGGA,055720,6016.8339,N,02217.1960,E,2,12,0.5,9.4,M,18.6,M,,*48
$GPGGA,055719,6016.8339,N,02217.1960,E,2,12,0.5,9.5,M,0.0,M,,*7C
$GPGLL,6016.8339,N,02217.1960,E,055719.020,A*31
$GPRMC,055719,A,6016.8339,N,02217.1960,E,0.0,0.0,090425,9.1,E*73
$GPGLL,6016.8339,N,02217.1960,E,055720.020,A*3B
$GPRMC,055720,A,6016.8339,N,02217.1960,E,0.0,0.0,090425,9.1,E*79
$IIHDM,273.1,M*25
$IIHDG,273.10,9.10,E,,*2D
$IIHDM,273.1,M*25
$IIHDT,282.2,T*28
$IIHDT,282.2,T*28
$GPGGA,055721,6016.8339,N,02217.1960,E,2,12,0.5,9.4,M,18.6,M,,*49
$GPGGA,055720,6016.8339,N,02217.1960,E,2,12,0.5,9.4,M,0.0,M,,*77
$GPGLL,6016.8339,N,02217.1960,E,055720.020,A*3B
$GPRMC,055720,A,6016.8339,N,02217.1960,E,0.0,0.0,090425,9.1,E*79
$GPGLL,6016.8339,N,02217.1960,E,055721.020,A*3A
$GPRMC,055721,A,6016.8339,N,02217.1960,E,0.0,0.0,090425,9.1,E*78
!AIVDM,1,1,,A,33L?H900001V7bFRO:HIf;;p0000,0*60
!AIVDM,1,1,,A,53L?H9400000tLE0000hDtpTD00000000000001?00j330000540DQhDh00000000000000,0*57
!AIVDM,1,1,,A,B3KK;SP000IPDL8Wpa<02=N00000,0*4D
!AIVDM,1,1,,A,H3KK;SP5848Dhh4000000000000,0*14
!AIVDM,1,1,,A,H3KK;STU0000000?8mlqh000;220,0*20
!AIVDM,1,1,,A,33c2Rb5P@01V2RVRO`o9a75p0000,0*3B
!AIVDM,1,1,,A,53c2Rb4000010@94001LE=@8u8L000000000001601I660000:1RD0DP000000000000000,0*33
$IIHDM,273.1,M*25
$IIHDG,273.10,9.10,E,,*2D
$IIHDM,273.1,M*25
$IIHDT,282.2,T*28
$IIHDT,282.2,T*28
$GPGGA,055722,6016.8339,N,02217.1960,E,2,12,0.5,9.3,M,18.6,M,,*4D
$GPGGA,055721,6016.8339,N,02217.1960,E,2,12,0.5,9.4,M,0.0,M,,*76
$GPGLL,6016.8339,N,02217.1960,E,055721.020,A*3A
$GPRMC,055721,A,6016.8339,N,02217.1960,E,0.0,0.0,090425,9.1,E*78
$GPGLL,6016.8339,N,02217.1960,E,055722.020,A*39
$GPRMC,055722,A,6016.8339,N,02217.1960,E,0.0,0.0,090425,9.1,E*7B
$IIHDM,273.1,M*25
$IIHDG,273.10,9.10,E,,*2D
$IIHDM,273.1,M*25
$IIHDT,282.2,T*28
$IIHDT,282.2,T*28
$GPGGA,055723,6016.8339,N,02217.1960,E,2,12,0.5,9.2,M,18.6,M,,*4D
$GPGGA,055722,6016.8339,N,02217.1960,E,2,12,0.5,9.3,M,0.0,M,,*72
$GPGLL,6016.8339,N,02217.1960,E,055722.020,A*39
$GPRMC,055722,A,6016.8339,N,02217.1960,E,0.0,0.0,090425,9.1,E*7B
$GPGLL,6016.8339,N,02217.1960,E,055723.020,A*38
$GPRMC,055723,A,6016.8339,N,02217.1960,E,0.0,0.0,090425,9.1,E*7A
!AIVDO,1,1,,A,33L?H900001V7bDRO:Gprs;p0000,0*0A
!AIVDO,1,1,,A,53L?H9400000tLE0000hDtpTD00000000000001?00j330000540DQhDh00000000000000,0*55
!AIVDM,1,1,,A,B3KK;SP000IPDO8Wp`h02=N00000,0*1B
$GPRMC,055723,A,6016.8339,N,02217.1960,E,0.0,0.0,090425,9.1,E*7A
$GPGGA,055723,6016.8332,N,02217.1966,E,2,12,0.5,9.2,M,0.0,M,,*7F
$GPGLL,6016.8332,N,02217.1966,E,055723.020,A*35
!AIVDM,1,1,,A,H3KK;SP5848Dhh4000000000000,0*14
!AIVDM,1,1,,A,H3KK;STU0000000?8mlqh000;220,0*20
!AIVDM,1,1,,A,302<HTP0001V?VHRS3sP001p0000,0*41
!AIVDM,1,1,,A,33Kvnp0Oh=1U>8tRMoHhpPep0000,0*5C
!AIVDM,1,1,,A,53Kvnp400000ta9T000DhDeA840000000000001101R7700007T4Slm5RBw;OS2C33@C3h0,0*35
$IIHDM,273.1,M*25
$IIHDG,273.10,9.10,E,,*2D
$IIHDM,273.1,M*25
$IIHDT,282.2,T*28
$IIHDT,282.2,T*28
$GPGGA,055724,6016.8339,N,02217.1960,E,2,12,0.5,9.1,M,18.6,M,,*49
$GPGGA,055723,6016.8339,N,02217.1960,E,2,12,0.5,9.2,M,0.0,M,,*72
$GPGLL,6016.8339,N,02217.1960,E,055723.020,A*38
$GPRMC,055723,A,6016.8339,N,02217.1960,E,0.0,0.0,090425,9.1,E*7A
$GPGLL,6016.8339,N,02217.1960,E,055724.020,A*3F
$GPRMC,055724,A,6016.8339,N,02217.1960,E,0.0,0.0,090425,9.1,E*7D
$IIHDM,273.1,M*25
$IIHDG,273.10,9.10,E,,*2D
$IIHDM,273.1,M*25
$IIHDT,282.2,T*28
$IIHDT,282.2,T*28
$GPGGA,055725,6016.8339,N,02217.1960,E,2,12,0.5,9.0,M,18.6,M,,*49
$GPGGA,055724,6016.8339,N,02217.1960,E,2,12,0.5,9.1,M,0.0,M,,*76
$GPGLL,6016.8339,N,02217.1960,E,055724.020,A*3F
$GPRMC,055724,A,6016.8339,N,02217.1960,E,0.0,0.0,090425,9.1,E*7D
$GPGLL,6016.8339,N,02217.1960,E,055725.020,A*3E
$GPRMC,055725,A,6016.8339,N,02217.1960,E,0.0,0.0,090425,9.1,E*7C
$IIHDM,273.1,M*25
$IIHDG,273.10,9.10,E,,*2D
$IIHDM,273.1,M*25
$IIHDT,282.2,T*28
$IIHDT,282.2,T*28
$GPGGA,055726,6016.8339,N,02217.1960,E,2,12,0.5,9.0,M,18.6,M,,*4A
$GPGGA,055725,6016.8339,N,02217.1960,E,2,12,0.5,9.0,M,0.0,M,,*76
$GPGLL,6016.8339,N,02217.1960,E,055725.020,A*3E
$GPRMC,055725,A,6016.8339,N,02217.1960,E,0.0,0.0,090425,9.1,E*7C
$GPGLL,6016.8339,N,02217.1960,E,055726.020,A*3D
$GPRMC,055726,A,6016.8339,N,02217.1960,E,0.0,0.0,090425,9.1,E*7F
$IIHDM,273.1,M*25
$IIHDG,273.10,9.10,E,,*2D
$IIHDM,273.1,M*25
$IIHDT,282.2,T*28
$IIHDT,282.2,T*28
$GPGGA,055727,6016.8339,N,02217.1960,E,2,12,0.5,8.9,M,18.6,M,,*43
$GPGGA,055726,6016.8339,N,02217.1960,E,2,12,0.5,9.0,M,0.0,M,,*75
$GPGLL,6016.8339,N,02217.1960,E,055726.020,A*3D
$GPRMC,055726,A,6016.8339,N,02217.1960,E,0.0,0.0,090425,9.1,E*7F
$GPGLL,6016.8339,N,02217.1960,E,055727.020,A*3C
$GPRMC,055727,A,6016.8339,N,02217.1960,E,0.0,0.0,090425,9.1,E*7E
$IIHDM,273.1,M*25
$IIHDG,273.10,9.10,E,,*2D
$IIHDM,273.1,M*25
$IIHDT,282.2,T*28
$IIHDT,282.2,T*28
$GPGGA,055728,6016.8339,N,02217.1960,E,2,12,0.5,8.8,M,18.6,M,,*4D
$GPGGA,055727,6016.8339,N,02217.1960,E,2,12,0.5,8.9,M,0.0,M,,*7C
$GPGLL,6016.8339,N,02217.1960,E,055727.020,A*3C
$GPRMC,055727,A,6016.8339,N,02217.1960,E,0.0,0.0,090425,9.1,E*7E
$GPGLL,6016.8339,N,02217.1960,E,055728.020,A*33
$GPRMC,055728,A,6016.8339,N,02217.1960,E,0.0,0.0,090425,9.1,E*71
$IIHDM,273.1,M*25
$IIHDG,273.10,9.10,E,,*2D
$IIHDM,273.1,M*25
$IIHDT,282.2,T*28
$IIHDT,282.2,T*28
$GPGGA,055729,6016.8339,N,02217.1960,E,2,12,0.5,8.7,M,18.6,M,,*43
$GPGGA,055728,6016.8339,N,02217.1960,E,2,12,0.5,8.8,M,0.0,M,,*72
$GPGLL,6016.8339,N,02217.1960,E,055728.020,A*33
$GPRMC,055728,A,6016.8339,N,02217.1960,E,0.0,0.0,090425,9.1,E*71
$GPGLL,6016.8339,N,02217.1960,E,055729.020,A*32
$GPRMC,055729,A,6016.8339,N,02217.1960,E,0.0,0.0,090425,9.1,E*70
$IIHDM,273.1,M*25
$IIHDG,273.10,9.10,E,,*2D
$IIHDM,273.1,M*25
$IIHDT,282.2,T*28
$IIHDT,282.2,T*28
$GPGGA,055730,6016.8339,N,02217.1960,E,2,12,0.5,8.7,M,18.6,M,,*4B
$GPGGA,055729,6016.8339,N,02217.1960,E,2,12,0.5,8.7,M,0.0,M,,*7C
$GPGLL,6016.8339,N,02217.1960,E,055729.020,A*32
$GPRMC,055729,A,6016.8339,N,02217.1960,E,0.0,0.0,090425,9.1,E*70
$GPGLL,6016.8339,N,02217.1960,E,055730.020,A*3A
$GPRMC,055730,A,6016.8339,N,02217.1960,E,0.0,0.0,090425,9.1,E*78
$IIHDM,273.1,M*25
$IIHDG,273.10,9.10,E,,*2D
$IIHDM,273.1,M*25
$IIHDT,282.2,T*28
$IIHDT,282.2,T*28
$GPGGA,055731,6016.8339,N,02217.1960,E,2,12,0.5,8.6,M,18.6,M,,*4B
$GPGGA,055730,6016.8339,N,02217.1960,E,2,12,0.5,8.7,M,0.0,M,,*74
$GPGLL,6016.8339,N,02217.1960,E,055730.020,A*3A
$GPRMC,055730,A,6016.8339,N,02217.1960,E,0.0,0.0,090425,9.1,E*78
$GPGLL,6016.8339,N,02217.1960,E,055731.020,A*3B
$GPRMC,055731,A,6016.8339,N,02217.1960,E,0.0,0.0,090425,9.1,E*79
!AIVDM,1,1,,A,33L?H900001V7bDRO:Gprs;p0000,0*08
!AIVDM,1,1,,A,53L?H9400000tLE0000hDtpTD00000000000001?00j330000540DQhDh00000000000000,0*57
!AIVDM,1,1,,A,B3KK;SP000IPDL8Wpa<02=N00000,0*4D
!AIVDM,1,1,,A,H3KK;SP5848Dhh4000000000000,0*14
!AIVDM,1,1,,A,H3KK;STU0000000?8mlqh000;220,0*20
$IIHDM,273.1,M*25
$IIHDG,273.10,9.10,E,,*2D
$IIHDM,273.1,M*25
$IIHDT,282.2,T*28
$IIHDT,282.2,T*28
$GPGGA,055732,6016.8339,N,02217.1960,E,2,12,0.5,8.5,M,18.6,M,,*4B
$GPGGA,055731,6016.8339,N,02217.1960,E,2,12,0.5,8.6,M,0.0,M,,*74
$GPGLL,6016.8339,N,02217.1960,E,055731.020,A*3B
$GPRMC,055731,A,6016.8339,N,02217.1960,E,0.0,0.0,090425,9.1,E*79
$GPGLL,6016.8339,N,02217.1960,E,055732.020,A*38
$GPRMC,055732,A,6016.8339,N,02217.1960,E,0.0,0.0,090425,9.1,E*7A
$IIHDM,273.1,M*25
$IIHDG,273.10,9.10,E,,*2D
$IIHDM,273.1,M*25
$IIHDT,282.2,T*28
$IIHDT,282.2,T*28
$GPGGA,055733,6016.8339,N,02217.1960,E,2,12,0.5,8.5,M,18.6,M,,*4A
$GPGGA,055732,6016.8339,N,02217.1960,E,2,12,0.5,8.5,M,0.0,M,,*74
$GPGLL,6016.8339,N,02217.1960,E,055732.020,A*38
$GPRMC,055732,A,6016.8339,N,02217.1960,E,0.0,0.0,090425,9.1,E*7A
$GPGLL,6016.8339,N,02217.1960,E,055733.020,A*39
$GPRMC,055733,A,6016.8339,N,02217.1960,E,0.0,0.0,090425,9.1,E*7B
!AIVDO,1,1,,A,33L?H900001V7bBRO:G`OK;p0000,0*19
!AIVDO,1,1,,A,53L?H9400000tLE0000hDtpTD00000000000001?00j330000540DQhDh00000000000000,0*55
!AIVDM,1,1,,A,B3KK;SP000IPDN8Wp`p02=N00000,0*02
$GPRMC,055733,A,6016.8339,N,02217.1960,E,0.0,0.0,090425,9.1,E*7B
$GPGGA,055733,6016.8334,N,02217.1964,E,2,12,0.5,8.5,M,0.0,M,,*7C
$GPGLL,6016.8334,N,02217.1964,E,055733.020,A*30
!AIVDM,1,1,,A,H3KK;SP5848Dhh4000000000000,0*14
!AIVDM,1,1,,A,H3KK;STU0000000?8mlqh000;220,0*20
!AIVDM,1,1,,A,302<HTP0001V?V:RS3sh001p0000,0*0B
$IIHDM,273.1,M*25
$IIHDG,273.10,9.10,E,,*2D
$IIHDM,273.1,M*25
$IIHDT,282.2,T*28
$IIHDT,282.2,T*28
$GPGGA,055734,6016.8339,N,02217.1960,E,2,12,0.5,8.4,M,18.6,M,,*4C
$GPGGA,055733,6016.8339,N,02217.1960,E,2,12,0.5,8.5,M,0.0,M,,*75
$GPGLL,6016.8339,N,02217.1960,E,055733.020,A*39
$GPRMC,055733,A,6016.8339,N,02217.1960,E,0.0,0.0,090425,9.1,E*7B
$GPGLL,6016.8339,N,02217.1960,E,055734.020,A*3E
$GPRMC,055734,A,6016.8339,N,02217.1960,E,0.0,0.0,090425,9.1,E*7C
$IIHDM,273.1,M*25
$IIHDG,273.10,9.10,E,,*2D
$IIHDM,273.1,M*25
$IIHDT,282.2,T*28
$IIHDT,282.2,T*28
$GPGGA,055735,6016.8339,N,02217.1960,E,2,12,0.5,8.4,M,18.6,M,,*4D
$GPGGA,055734,6016.8339,N,02217.1960,E,2,12,0.5,8.4,M,0.0,M,,*73
$GPGLL,6016.8339,N,02217.1960,E,055734.020,A*3E
$GPRMC,055734,A,6016.8339,N,02217.1960,E,0.0,0.0,090425,9.1,E*7C
$GPGLL,6016.8339,N,02217.1960,E,055735.020,A*3F
$GPRMC,055735,A,6016.8339,N,02217.1960,E,0.0,0.0,090425,9.1,E*7D
$IIHDM,273.1,M*25
$IIHDG,273.10,9.10,E,,*2D
$IIHDM,273.1,M*25
$IIHDT,282.2,T*28
$IIHDT,282.2,T*28
$GPGGA,055736,6016.8339,N,02217.1960,E,2,12,0.5,8.3,M,18.6,M,,*49
$GPGGA,055735,6016.8339,N,02217.1960,E,2,12,0.5,8.4,M,0.0,M,,*72
$GPGLL,6016.8339,N,02217.1960,E,055735.020,A*3F
$GPRMC,055735,A,6016.8339,N,02217.1960,E,0.0,0.0,090425,9.1,E*7D
$GPGLL,6016.8339,N,02217.1960,E,055736.020,A*3C
$GPRMC,055736,A,6016.8339,N,02217.1960,E,0.0,0.0,090425,9.1,E*7E
$IIHDG,273.10,9.10,E,,*2D
$IIHDT,282.2,T*28
$IIHDM,273.1,M*25
$IIHDG,273.10,9.10,E,,*2D
$IIHDM,273.1,M*25
$IIHDT,282.2,T*28
$IIHDT,282.2,T*28
$GPGGA,055737,6016.8339,N,02217.1960,E,2,12,0.5,8.2,M,18.6,M,,*49
$GPGGA,055736,6016.8339,N,02217.1960,E,2,12,0.5,8.3,M,0.0,M,,*76
$GPGLL,6016.8339,N,02217.1960,E,055736.020,A*3C
$GPRMC,055736,A,6016.8339,N,02217.1960,E,0.0,0.0,090425,9.1,E*7E
$GPGLL,6016.8339,N,02217.1960,E,055737.020,A*3D
$GPRMC,055737,A,6016.8339,N,02217.1960,E,0.0,0.0,090425,9.1,E*7F
$IIHDM,273.1,M*25
$IIHDG,273.10,9.10,E,,*2D
$IIHDM,273.1,M*25
$IIHDT,282.2,T*28
$IIHDT,282.2,T*28
$GPGGA,055738,6016.8339,N,02217.1960,E,2,12,0.5,8.1,M,18.6,M,,*45
$GPGGA,055737,6016.8339,N,02217.1960,E,2,12,0.5,8.2,M,0.0,M,,*76
$GPGLL,6016.8339,N,02217.1960,E,055737.020,A*3D
$GPRMC,055737,A,6016.8339,N,02217.1960,E,0.0,0.0,090425,9.1,E*7F
$GPGLL,6016.8339,N,02217.1960,E,055738.020,A*32
$GPRMC,055738,A,6016.8339,N,02217.1960,E,0.0,0.0,090425,9.1,E*70
$IIHDM,273.1,M*25
$IIHDG,273.10,9.10,E,,*2D
$IIHDM,273.1,M*25
$IIHDT,282.2,T*28
$IIHDT,282.2,T*28
$GPGGA,055739,6016.8339,N,02217.1960,E,2,12,0.5,8.0,M,18.6,M,,*45
$GPGGA,055738,6016.8339,N,02217.1960,E,2,12,0.5,8.1,M,0.0,M,,*7A
$GPGLL,6016.8339,N,02217.1960,E,055738.020,A*32
$GPRMC,055738,A,6016.8339,N,02217.1960,E,0.0,0.0,090425,9.1,E*70
$GPGLL,6016.8339,N,02217.1960,E,055739.020,A*33
$GPRMC,055739,A,6016.8339,N,02217.1960,E,0.0,0.0,090425,9.1,E*71
$IIHDM,273.1,M*25
$IIHDG,273.10,9.10,E,,*2D
$IIHDM,273.1,M*25
$IIHDT,282.2,T*28
$IIHDT,282.2,T*28
$GPGGA,055740,6016.8339,N,02217.1960,E,2,12,0.5,8.0,M,18.6,M,,*4B
$GPGGA,055739,6016.8339,N,02217.1960,E,2,12,0.5,8.0,M,0.0,M,,*7A
$GPGLL,6016.8339,N,02217.1960,E,055739.020,A*33
$GPRMC,055739,A,6016.8339,N,02217.1960,E,0.0,0.0,090425,9.1,E*71
$GPGLL,6016.8339,N,02217.1960,E,055740.020,A*3D
$GPRMC,055740,A,6016.8339,N,02217.1960,E,0.0,0.0,090425,9.1,E*7F
$IIHDM,273.1,M*25
$IIHDG,273.10,9.10,E,,*2D
$IIHDM,273.1,M*25
$IIHDT,282.2,T*28
$IIHDT,282.2,T*28
$GPGGA,055741,6016.8339,N,02217.1960,E,2,12,0.5,7.9,M,18.6,M,,*4C
$GPGGA,055740,6016.8339,N,02217.1960,E,2,12,0.5,8.0,M,0.0,M,,*74
$GPGLL,6016.8339,N,02217.1960,E,055740.020,A*3D
$GPRMC,055740,A,6016.8339,N,02217.1960,E,0.0,0.0,090425,9.1,E*7F
$GPGLL,6016.8339,N,02217.1960,E,055741.020,A*3C
$GPRMC,055741,A,6016.8339,N,02217.1960,E,0.0,0.0,090425,9.1,E*7E
!AIVDM,1,1,,A,33L?H900001V7bBRO:G`OK;p0000,0*1B
!AIVDM,1,1,,A,53L?H9400000tLE0000hDtpTD00000000000001?00j330000540DQhDh00000000000000,0*57
!AIVDM,1,1,,A,B3KK;SP000IPDL8Wpa<02=N00000,0*4D
!AIVDM,1,1,,A,H3KK;SP5848Dhh4000000000000,0*14
!AIVDM,1,1,,A,H3KK;STU0000000?8mlqh000;220,0*20
$IIHDM,273.1,M*25
$IIHDG,273.10,9.10,E,,*2D
$IIHDM,273.1,M*25
$IIHDT,282.2,T*28
$IIHDT,282.2,T*28
$GPGGA,055742,6016.8339,N,02217.1960,E,2,12,0.5,8.0,M,18.6,M,,*49
$GPGGA,055741,6016.8339,N,02217.1960,E,2,12,0.5,7.9,M,0.0,M,,*73
$GPGLL,6016.8339,N,02217.1960,E,055741.020,A*3C
$GPRMC,055741,A,6016.8339,N,02217.1960,E,0.0,0.0,090425,9.1,E*7E
$GPGLL,6016.8339,N,02217.1960,E,055742.020,A*3F
$GPRMC,055742,A,6016.8339,N,02217.1960,E,0.0,0.0,090425,9.1,E*7D
$IIHDM,273.1,M*25
$IIHDG,273.10,9.10,E,,*2D
$IIHDM,273.1,M*25
$IIHDT,282.2,T*28
$IIHDT,282.2,T*28
$GPGGA,055743,6016.8339,N,02217.1960,E,2,12,0.5,8.0,M,18.6,M,,*48
$GPGGA,055742,6016.8339,N,02217.1960,E,2,12,0.5,8.0,M,0.0,M,,*76
$GPGLL,6016.8339,N,02217.1960,E,055742.020,A*3F
$GPRMC,055742,A,6016.8339,N,02217.1960,E,0.0,0.0,090425,9.1,E*7D
$GPGLL,6016.8339,N,02217.1960,E,055743.020,A*3E
$GPRMC,055743,A,6016.8339,N,02217.1960,E,0.0,0.0,090425,9.1,E*7C
!AIVDO,1,1,,A,33L?H900001V7bBRO:H:5c;p0000,0*1E
!AIVDO,1,1,,A,53L?H9400000tLE0000hDtpTD00000000000001?00j330000540DQhDh00000000000000,0*55
!AIVDM,1,1,,A,B3KK;SP000IPDM8Wp`l02=N00000,0*1D
$GPRMC,055743,A,6016.8339,N,02217.1960,E,0.0,0.0,090425,9.1,E*7C
$GPGGA,055743,6016.8333,N,02217.1962,E,2,12,0.5,8.0,M,0.0,M,,*7F
$GPGLL,6016.8333,N,02217.1962,E,055743.020,A*36
!AIVDM,1,1,,A,H3KK;SP5848Dhh4000000000000,0*14
!AIVDM,1,1,,A,H3KK;STU0000000?8mlqh000;220,0*20
!AIVDM,1,1,,A,302<HTP0001V?V2RS3t@001p0000,0*2C
$IIHDM,273.1,M*25
$IIHDG,273.10,9.10,E,,*2D
$IIHDM,273.1,M*25
$IIHDT,282.2,T*28
$IIHDT,282.2,T*28
$GPGGA,055744,6016.8339,N,02217.1960,E,2,12,0.5,8.0,M,18.6,M,,*4F
$GPGGA,055743,6016.8339,N,02217.1960,E,2,12,0.5,8.0,M,0.0,M,,*77
$GPGLL,6016.8339,N,02217.1960,E,055743.020,A*3E
$GPRMC,055743,A,6016.8339,N,02217.1960,E,0.0,0.0,090425,9.1,E*7C
$GPGLL,6016.8339,N,02217.1960,E,055744.020,A*39
$GPRMC,055744,A,6016.8339,N,02217.1960,E,0.0,0.0,090425,9.1,E*7B
$IIHDM,273.1,M*25
$IIHDG,273.10,9.10,E,,*2D
$IIHDM,273.1,M*25
$IIHDT,282.2,T*28
$IIHDT,282.2,T*28
$GPGGA,055745,6016.8339,N,02217.1960,E,2,12,0.5,8.0,M,18.6,M,,*4E
$GPGGA,055744,6016.8339,N,02217.1960,E,2,12,0.5,8.0,M,0.0,M,,*70
$GPGLL,6016.8339,N,02217.1960,E,055744.020,A*39
$GPRMC,055744,A,6016.8339,N,02217.1960,E,0.0,0.0,090425,9.1,E*7B
$GPGLL,6016.8339,N,02217.1960,E,055745.020,A*38
$GPRMC,055745,A,6016.8339,N,02217.1960,E,0.0,0.0,090425,9.1,E*7A
$IIHDM,273.1,M*25
$IIHDG,273.10,9.10,E,,*2D
$IIHDM,273.1,M*25
$IIHDT,282.2,T*28
$IIHDT,282.2,T*28
$GPGGA,055746,6016.8339,N,02217.1960,E,2,12,0.5,8.0,M,18.6,M,,*4D
$GPGGA,055745,6016.8339,N,02217.1960,E,2,12,0.5,8.0,M,0.0,M,,*71
$GPGLL,6016.8339,N,02217.1960,E,055745.020,A*38
$GPRMC,055745,A,6016.8339,N,02217.1960,E,0.0,0.0,090425,9.1,E*7A
$GPGLL,6016.8339,N,02217.1960,E,055746.020,A*3B
$GPRMC,055746,A,6016.8339,N,02217.1960,E,0.0,0.0,090425,9.1,E*79
$IIHDM,273.1,M*25
$IIHDG,273.10,9.10,E,,*2D
$IIHDM,273.1,M*25
$IIHDT,282.2,T*28
$IIHDT,282.2,T*28
$GPGGA,055747,6016.8339,N,02217.1960,E,2,12,0.5,8.0,M,18.6,M,,*4C
$GPGGA,055746,6016.8339,N,02217.1960,E,2,12,0.5,8.0,M,0.0,M,,*72
$GPGLL,6016.8339,N,02217.1960,E,055746.020,A*3B
$GPRMC,055746,A,6016.8339,N,02217.1960,E,0.0,0.0,090425,9.1,E*79
$GPGLL,6016.8339,N,02217.1960,E,055747.020,A*3A
$GPRMC,055747,A,6016.8339,N,02217.1960,E,0.0,0.0,090425,9.1,E*78
$IIHDM,273.1,M*25
$IIHDG,273.10,9.10,E,,*2D
$IIHDM,273.1,M*25
$IIHDT,282.2,T*28
$IIHDT,282.2,T*28
$GPGGA,055748,6016.8339,N,02217.1960,E,2,12,0.5,8.0,M,18.6,M,,*43
$GPGGA,055747,6016.8339,N,02217.1960,E,2,12,0.5,8.0,M,0.0,M,,*73
$GPGLL,6016.8339,N,02217.1960,E,055747.020,A*3A
$GPRMC,055747,A,6016.8339,N,02217.1960,E,0.0,0.0,090425,9.1,E*78
$GPGLL,6016.8339,N,02217.1960,E,055748.020,A*35
$GPRMC,055748,A,6016.8339,N,02217.1960,E,0.0,0.0,090425,9.1,E*77
$IIHDM,273.1,M*25
$IIHDG,273.10,9.10,E,,*2D
$IIHDM,273.1,M*25
$IIHDT,282.2,T*28
$IIHDT,282.2,T*28
$GPGGA,055749,6016.8339,N,02217.1960,E,2,12,0.5,8.0,M,18.6,M,,*42
$GPGGA,055748,6016.8339,N,02217.1960,E,2,12,0.5,8.0,M,0.0,M,,*7C
$GPGLL,6016.8339,N,02217.1960,E,055748.020,A*35
$GPRMC,055748,A,6016.8339,N,02217.1960,E,0.0,0.0,090425,9.1,E*77
$GPGLL,6016.8339,N,02217.1960,E,055749.020,A*34
$GPRMC,055749,A,6016.8339,N,02217.1960,E,0.0,0.0,090425,9.1,E*76
$IIHDM,273.1,M*25
$IIHDG,273.10,9.10,E,,*2D
$IIHDM,273.1,M*25
$IIHDT,282.2,T*28
$IIHDT,282.2,T*28
$GPGGA,055750,6016.8339,N,02217.1960,E,2,12,0.5,8.0,M,18.6,M,,*4A
$GPGGA,055749,6016.8339,N,02217.1960,E,2,12,0.5,8.0,M,0.0,M,,*7D
$GPGLL,6016.8339,N,02217.1960,E,055749.020,A*34
$GPRMC,055749,A,6016.8339,N,02217.1960,E,0.0,0.0,090425,9.1,E*76
$GPGLL,6016.8339,N,02217.1960,E,055750.020,A*3C
$GPRMC,055750,A,6016.8339,N,02217.1960,E,0.0,0.0,090425,9.1,E*7E
$IIHDM,273.1,M*25
$IIHDG,273.10,9.10,E,,*2D
$IIHDM,273.1,M*25
$IIHDT,282.2,T*28
$IIHDT,282.2,T*28
$GPGGA,055751,6016.8339,N,02217.1960,E,2,12,0.5,8.0,M,18.6,M,,*4B
$GPGGA,055750,6016.8339,N,02217.1960,E,2,12,0.5,8.0,M,0.0,M,,*75
$GPGLL,6016.8339,N,02217.1960,E,055750.020,A*3C
$GPRMC,055750,A,6016.8339,N,02217.1960,E,0.0,0.0,090425,9.1,E*7E
$GPGLL,6016.8339,N,02217.1960,E,055751.020,A*3D
$GPRMC,055751,A,6016.8339,N,02217.1960,E,0.0,0.0,090425,9.1,E*7F
!AIVDM,1,1,,A,33L?H900001V7bBRO:H:5c;p0000,0*1C
!AIVDM,1,1,,A,53L?H9400000tLE0000hDtpTD00000000000001?00j330000540DQhDh00000000000000,0*57
!AIVDM,1,1,,A,33L?GjU0001V5BJRP3i1LE=p0000,0*6A
!AIVDM,1,1,,A,53L?GjT00000t`pD0008U<tp000000000000000l00R440000:1RD0DP000000000000000,0*58
!AIVDM,1,1,,A,B3KK;SP000IPDL8Wpa<02=N00000,0*4D
!AIVDM,1,1,,A,H3KK;SP5848Dhh4000000000000,0*14
!AIVDM,1,1,,A,H3KK;STU0000000?8mlqh000;220,0*20
$IIHDM,273.1,M*25
$IIHDG,273.10,9.10,E,,*2D
$IIHDM,273.1,M*25
$IIHDT,282.2,T*28
$IIHDT,282.2,T*28
$GPGGA,055752,6016.8339,N,02217.1960,E,2,12,0.5,8.1,M,18.6,M,,*49
$GPGGA,055751,6016.8339,N,02217.1960,E,2,12,0.5,8.0,M,0.0,M,,*74
$GPGLL,6016.8339,N,02217.1960,E,055751.020,A*3D
$GPRMC,055751,A,6016.8339,N,02217.1960,E,0.0,0.0,090425,9.1,E*7F
$GPGLL,6016.8339,N,02217.1960,E,055752.020,A*3E
$GPRMC,055752,A,6016.8339,N,02217.1960,E,0.0,0.0,090425,9.1,E*7C
$IIHDG,273.10,9.10,E,,*2D
$IIHDT,282.2,T*28
$IIHDM,273.1,M*25
$IIHDG,273.10,9.10,E,,*2D
$IIHDM,273.1,M*25
$IIHDT,282.2,T*28
$IIHDT,282.2,T*28
$GPGGA,055753,6016.8339,N,02217.1960,E,2,12,0.5,8.1,M,18.6,M,,*48
$GPGGA,055752,6016.8339,N,02217.1960,E,2,12,0.5,8.1,M,0.0,M,,*76
$GPGLL,6016.8339,N,02217.1960,E,055752.020,A*3E
$GPRMC,055752,A,6016.8339,N,02217.1960,E,0.0,0.0,090425,9.1,E*7C
$GPGLL,6016.8339,N,02217.1960,E,055753.020,A*3F
$GPRMC,055753,A,6016.8339,N,02217.1960,E,0.0,0.0,090425,9.1,E*7D
!AIVDO,1,1,,A,33L?H900001V7bDRO:HVR;;p0000,0*4B
!AIVDO,1,1,,A,53L?H9400000tLE0000hDtpTD00000000000001?00j330000540DQhDh00000000000000,0*55
!AIVDM,1,1,,A,33L?GjUP@01V5BJRP3i1LE=p0000,0*7A
!AIVDM,1,1,,A,53L?GjT00000t`pD0008U<tp000000000000000l00R440000:1RD0DP000000000000000,0*58
!AIVDM,1,1,,A,B3KK;SP000IPDL8Wp`d02=N00000,0*14
$GPRMC,055753,A,6016.8339,N,02217.1960,E,0.0,0.0,090425,9.1,E*7D
$GPGGA,055753,6016.8331,N,02217.1960,E,2,12,0.5,8.1,M,0.0,M,,*7F
$GPGLL,6016.8331,N,02217.1960,E,055753.020,A*37
!AIVDM,1,1,,A,H3KK;SP5848Dhh4000000000000,0*14
!AIVDM,1,1,,A,H3KK;STU0000000?8mlqh000;220,0*20
!AIVDM,1,1,,A,302<HTP0001V?UlRS3th001p0000,0*59
$IIHDM,273.1,M*25
$IIHDG,273.10,9.10,E,,*2D
$IIHDM,273.1,M*25
$IIHDT,282.2,T*28
$IIHDT,282.2,T*28
$GPGGA,055754,6016.8339,N,02217.1960,E,2,12,0.5,8.1,M,18.6,M,,*4F
$GPGGA,055753,6016.8339,N,02217.1960,E,2,12,0.5,8.1,M,0.0,M,,*77
$GPGLL,6016.8339,N,02217.1960,E,055753.020,A*3F
$GPRMC,055753,A,6016.8339,N,02217.1960,E,0.0,0.0,090425,9.1,E*7D
$GPGLL,6016.8339,N,02217.1960,E,055754.020,A*38
$GPRMC,055754,A,6016.8339,N,02217.1960,E,0.0,0.0,090425,9.1,E*7A
$IIHDM,273.1,M*25
$IIHDG,273.10,9.10,E,,*2D
$IIHDM,273.1,M*25
$IIHDT,282.2,T*28
$IIHDT,282.2,T*28
$GPGGA,055755,6016.8339,N,02217.1960,E,2,12,0.5,8.1,M,18.6,M,,*4E
$GPGGA,055754,6016.8339,N,02217.1960,E,2,12,0.5,8.1,M,0.0,M,,*70
$GPGLL,6016.8339,N,02217.1960,E,055754.020,A*38
$GPRMC,055754,A,6016.8339,N,02217.1960,E,0.0,0.0,090425,9.1,E*7A
$GPGLL,6016.8339,N,02217.1960,E,055755.020,A*39
$GPRMC,055755,A,6016.8339,N,02217.1960,E,0.0,0.0,090425,9.1,E*7B
$IIHDM,273.1,M*25
$IIHDG,273.10,9.10,E,,*2D
$IIHDM,273.1,M*25
$IIHDT,282.2,T*28
$IIHDT,282.2,T*28
$GPGGA,055756,6016.8339,N,02217.1960,E,2,12,0.5,8.1,M,18.6,M,,*4D
$GPGGA,055755,6016.8339,N,02217.1960,E,2,12,0.5,8.1,M,0.0,M,,*71
$GPGLL,6016.8339,N,02217.1960,E,055755.020,A*39
$GPRMC,055755,A,6016.8339,N,02217.1960,E,0.0,0.0,090425,9.1,E*7B
$GPGLL,6016.8339,N,02217.1960,E,055756.020,A*3A
$GPRMC,055756,A,6016.8339,N,02217.1960,E,0.0,0.0,090425,9.1,E*78
$IIHDM,273.1,M*25
$IIHDG,273.10,9.10,E,,*2D
$IIHDM,273.1,M*25
$IIHDT,282.2,T*28
$IIHDT,282.2,T*28
$GPGGA,055757,6016.8339,N,02217.1960,E,2,12,0.5,8.1,M,18.6,M,,*4C
$GPGGA,055756,6016.8339,N,02217.1960,E,2,12,0.5,8.1,M,0.0,M,,*72
$GPGLL,6016.8339,N,02217.1960,E,055756.020,A*3A
$GPRMC,055756,A,6016.8339,N,02217.1960,E,0.0,0.0,090425,9.1,E*78
$GPGLL,6016.8339,N,02217.1960,E,055757.020,A*3B
$GPRMC,055757,A,6016.8339,N,02217.1960,E,0.0,0.0,090425,9.1,E*79
$IIHDG,273.10,9.10,E,,*2D
$IIHDT,282.2,T*28
$IIHDM,273.1,M*25
$IIHDG,273.10,9.10,E,,*2D
$IIHDM,273.1,M*25
$IIHDT,282.2,T*28
$IIHDT,282.2,T*28
$GPGGA,055758,6016.8339,N,02217.1960,E,2,12,0.5,8.1,M,18.6,M,,*43
$GPGGA,055757,6016.8339,N,02217.1960,E,2,12,0.5,8.1,M,0.0,M,,*73
$GPGLL,6016.8339,N,02217.1960,E,055757.020,A*3B
$GPRMC,055757,A,6016.8339,N,02217.1960,E,0.0,0.0,090425,9.1,E*79
$GPGLL,6016.8339,N,02217.1960,E,055758.020,A*34
$GPRMC,055758,A,6016.8339,N,02217.1960,E,0.0,0.0,090425,9.1,E*76
$IIHDM,273.1,M*25
$IIHDG,273.10,9.10,E,,*2D
$IIHDM,273.1,M*25
$IIHDT,282.2,T*28
$IIHDT,282.2,T*28
$GPGGA,055759,6016.8339,N,02217.1960,E,2,12,0.5,8.1,M,18.6,M,,*42
$GPGGA,055758,6016.8339,N,02217.1960,E,2,12,0.5,8.1,M,0.0,M,,*7C
$GPGLL,6016.8339,N,02217.1960,E,055758.020,A*34
$GPRMC,055758,A,6016.8339,N,02217.1960,E,0.0,0.0,090425,9.1,E*76
$GPGLL,6016.8339,N,02217.1960,E,055759.020,A*35
$GPRMC,055759,A,6016.8339,N,02217.1960,E,0.0,0.0,090425,9.1,E*77
$IIHDM,273.1,M*25
$IIHDG,273.10,9.10,E,,*2D
$IIHDM,273.1,M*25
$IIHDT,282.2,T*28
$IIHDT,282.2,T*28
$GPGGA,055800,6016.8339,N,02217.1960,E,2,12,0.5,8.0,M,18.6,M,,*40
$GPGGA,055759,6016.8339,N,02217.1960,E,2,12,0.5,8.1,M,0.0,M,,*7D
$GPGLL,6016.8339,N,02217.1960,E,055759.020,A*35
$GPRMC,055759,A,6016.8339,N,02217.1960,E,0.0,0.0,090425,9.1,E*77
$GPGLL,6016.8339,N,02217.1960,E,055800.020,A*36
$GPRMC,055800,A,6016.8339,N,02217.1960,E,0.0,0.0,090425,9.1,E*74
$IIHDM,273.1,M*25
$IIHDG,273.10,9.10,E,,*2D
$IIHDM,273.1,M*25
$IIHDT,282.2,T*28
$IIHDT,282.2,T*28
$GPGGA,055801,6016.8339,N,02217.1960,E,2,12,0.5,8.1,M,18.6,M,,*40
$GPGGA,055800,6016.8339,N,02217.1960,E,2,12,0.5,8.0,M,0.0,M,,*7F
$GPGLL,6016.8339,N,02217.1960,E,055800.020,A*36
$GPRMC,055800,A,6016.8339,N,02217.1960,E,0.0,0.0,090425,9.1,E*74
$GPGLL,6016.8339,N,02217.1960,E,055801.020,A*37
$GPRMC,055801,A,6016.8339,N,02217.1960,E,0.0,0.0,090425,9.1,E*75
!AIVDM,1,1,,A,33L?H900001V7bDRO:HVR;;p0000,0*49
!AIVDM,1,1,,A,53L?H9400000tLE0000hDtpTD00000000000001?00j330000540DQhDh00000000000000,0*57
!AIVDM,1,1,,A,33L?GjU0001V5BJRP3i1LE=p0000,0*6A
!AIVDM,1,1,,A,53L?GjT00000t`pD0008U<tp000000000000000l00R440000:1RD0DP000000000000000,0*58
!AIVDM,1,1,,A,B3KK;SP000IPDL8Wpa<02=N00000,0*4D
!AIVDM,1,1,,A,H3KK;SP5848Dhh4000000000000,0*14
!AIVDM,1,1,,A,H3KK;STU0000000?8mlqh000;220,0*20
$IIHDM,273.1,M*25
$IIHDG,273.10,9.10,E,,*2D
$IIHDM,273.1,M*25
$IIHDT,282.2,T*28
$IIHDT,282.2,T*28
$GPGGA,055802,6016.8339,N,02217.1960,E,2,12,0.5,8.0,M,18.6,M,,*42
$GPGGA,055801,6016.8339,N,02217.1960,E,2,12,0.5,8.1,M,0.0,M,,*7F
$GPGLL,6016.8339,N,02217.1960,E,055801.020,A*37
$GPRMC,055801,A,6016.8339,N,02217.1960,E,0.0,0.0,090425,9.1,E*75
$GPGLL,6016.8339,N,02217.1960,E,055802.020,A*34
$GPRMC,055802,A,6016.8339,N,02217.1960,E,0.0,0.0,090425,9.1,E*76
$IIHDM,273.1,M*25
$IIHDG,273.10,9.10,E,,*2D
$IIHDM,273.1,M*25
$IIHDT,282.2,T*28
$IIHDT,282.2,T*28
$GPGGA,055803,6016.8339,N,02217.1960,E,2,12,0.5,8.0,M,18.6,M,,*43
$GPGGA,055802,6016.8339,N,02217.1960,E,2,12,0.5,8.0,M,0.0,M,,*7D
$GPGLL,6016.8339,N,02217.1960,E,055802.020,A*34
$GPRMC,055802,A,6016.8339,N,02217.1960,E,0.0,0.0,090425,9.1,E*76
$GPGLL,6016.8339,N,02217.1960,E,055803.020,A*35
$GPRMC,055803,A,6016.8339,N,02217.1960,E,0.0,0.0,090425,9.1,E*77
!AIVDO,1,1,,A,33L?H900001V7bDRO:Hq5K;p0000,0*7B
!AIVDO,1,1,,A,53L?H9400000tLE0000hDtpTD00000000000001?00j330000540DQhDh00000000000000,0*55
!AIVDM,1,1,,A,33Kch>50001V57>RP4Kd=lsp0000,0*4D
!AIVDM,1,1,,A,53Kch>400000tTtl000dDlV3400000000000000l00F33000051RD0DP000000000000000,0*63
!AIVDM,1,1,,A,B3KK;SP000IPDL8Wp``02=N00000,0*10
$GPRMC,055803,A,6016.8339,N,02217.1960,E,0.0,0.0,090425,9.1,E*77
$GPGGA,055803,6016.8330,N,02217.1960,E,2,12,0.5,8.0,M,0.0,M,,*75
$GPGLL,6016.8330,N,02217.1960,E,055803.020,A*3C
!AIVDM,1,1,,A,H3KK;SP5848Dhh4000000000000,0*14
!AIVDM,1,1,,A,H3KK;STU0000000?8mlqh000;220,0*20
!AIVDM,1,1,,A,302<HTP0001V?UVRS3u@001p0000,0*4A
$IIHDM,273.1,M*25
$IIHDG,273.10,9.10,E,,*2D
$IIHDM,273.1,M*25
$IIHDT,282.2,T*28
$IIHDT,282.2,T*28
$GPGGA,055804,6016.8339,N,02217.1960,E,2,12,0.5,8.0,M,18.6,M,,*44
$GPGGA,055803,6016.8339,N,02217.1960,E,2,12,0.5,8.0,M,0.0,M,,*7C
$GPGLL,6016.8339,N,02217.1960,E,055803.020,A*35
$GPRMC,055803,A,6016.8339,N,02217.1960,E,0.0,0.0,090425,9.1,E*77
$GPGLL,6016.8339,N,02217.1960,E,055804.020,A*32
$GPRMC,055804,A,6016.8339,N,02217.1960,E,0.0,0.0,090425,9.1,E*70
$IIHDM,273.1,M*25
$IIHDG,273.10,9.10,E,,*2D
$IIHDM,273.1,M*25
$IIHDT,282.2,T*28
$IIHDT,282.2,T*28
$GPGGA,055805,6016.8339,N,02217.1960,E,2,12,0.5,8.0,M,18.6,M,,*45
$GPGGA,055804,6016.8339,N,02217.1960,E,2,12,0.5,8.0,M,0.0,M,,*7B
$GPGLL,6016.8339,N,02217.1960,E,055804.020,A*32
$GPRMC,055804,A,6016.8339,N,02217.1960,E,0.0,0.0,090425,9.1,E*70
$GPGLL,6016.8339,N,02217.1960,E,055805.020,A*33
$GPRMC,055805,A,6016.8339,N,02217.1960,E,0.0,0.0,090425,9.1,E*71
$IIHDM,273.1,M*25
$IIHDG,273.10,9.10,E,,*2D
$IIHDM,273.1,M*25
$IIHDT,282.2,T*28
$IIHDT,282.2,T*28
$GPGGA,055806,6016.8339,N,02217.1960,E,2,12,0.5,8.0,M,18.6,M,,*46
$GPGGA,055805,6016.8339,N,02217.1960,E,2,12,0.5,8.0,M,0.0,M,,*7A
$GPGLL,6016.8339,N,02217.1960,E,055805.020,A*33
$GPRMC,055805,A,6016.8339,N,02217.1960,E,0.0,0.0,090425,9.1,E*71
$GPGLL,6016.8339,N,02217.1960,E,055806.020,A*30
$GPRMC,055806,A,6016.8339,N,02217.1960,E,0.0,0.0,090425,9.1,E*72
$IIHDM,273.1,M*25
$IIHDG,273.10,9.10,E,,*2D
$IIHDM,273.1,M*25
$IIHDT,282.2,T*28
$IIHDT,282.2,T*28
$GPGGA,055807,6016.8339,N,02217.1960,E,2,12,0.5,7.9,M,18.6,M,,*41
$GPGGA,055806,6016.8339,N,02217.1960,E,2,12,0.5,8.0,M,0.0,M,,*79
$GPGLL,6016.8339,N,02217.1960,E,055806.020,A*30
$GPRMC,055806,A,6016.8339,N,02217.1960,E,0.0,0.0,090425,9.1,E*72
$GPGLL,6016.8339,N,02217.1960,E,055807.020,A*31
$GPRMC,055807,A,6016.8339,N,02217.1960,E,0.0,0.0,090425,9.1,E*73
$IIHDM,273.1,M*25
$IIHDG,273.10,9.10,E,,*2D
$IIHDM,273.1,M*25
$IIHDT,282.2,T*28
$IIHDT,282.2,T*28
$GPGGA,055808,6016.8339,N,02217.1960,E,2,12,0.5,7.8,M,18.6,M,,*4F
$GPGGA,055807,6016.8339,N,02217.1960,E,2,12,0.5,7.9,M,0.0,M,,*7E
$GPGLL,6016.8339,N,02217.1960,E,055807.020,A*31
$GPRMC,055807,A,6016.8339,N,02217.1960,E,0.0,0.0,090425,9.1,E*73
$GPGLL,6016.8339,N,02217.1960,E,055808.020,A*3E
$GPRMC,055808,A,6016.8339,N,02217.1960,E,0.0,0.0,090425,9.1,E*7C
$IIHDM,273.1,M*25
$IIHDG,273.10,9.10,E,,*2D
$IIHDM,273.1,M*25
$IIHDT,282.2,T*28
$IIHDT,282.2,T*28
$GPGGA,055809,6016.8339,N,02217.1960,E,2,12,0.5,7.8,M,18.6,M,,*4E
$GPGGA,055808,6016.8339,N,02217.1960,E,2,12,0.5,7.8,M,0.0,M,,*70
$GPGLL,6016.8339,N,02217.1960,E,055808.020,A*3E
$GPRMC,055808,A,6016.8339,N,02217.1960,E,0.0,0.0,090425,9.1,E*7C
$GPGLL,6016.8339,N,02217.1960,E,055809.020,A*3F
$GPRMC,055809,A,6016.8339,N,02217.1960,E,0.0,0.0,090425,9.1,E*7D
$IIHDM,273.1,M*25
$IIHDG,273.10,9.10,E,,*2D
$IIHDM,273.1,M*25
$IIHDT,282.2,T*28
$IIHDT,282.2,T*28
$GPGGA,055810,6016.8339,N,02217.1960,E,2,12,0.5,7.7,M,18.6,M,,*49
$GPGGA,055809,6016.8339,N,02217.1960,E,2,12,0.5,7.8,M,0.0,M,,*71
$GPGLL,6016.8339,N,02217.1960,E,055809.020,A*3F
$GPRMC,055809,A,6016.8339,N,02217.1960,E,0.0,0.0,090425,9.1,E*7D
$GPGLL,6016.8339,N,02217.1960,E,055810.020,A*37
$GPRMC,055810,A,6016.8339,N,02217.1960,E,0.0,0.0,090425,9.1,E*75
$IIHDM,273.1,M*25
$IIHDG,273.10,9.10,E,,*2D
$IIHDM,273.1,M*25
$IIHDT,282.2,T*28
$IIHDT,282.2,T*28
$GPGGA,055811,6016.8339,N,02217.1960,E,2,12,0.5,7.7,M,18.6,M,,*48
$GPGGA,055810,6016.8339,N,02217.1960,E,2,12,0.5,7.7,M,0.0,M,,*76
$GPGLL,6016.8339,N,02217.1960,E,055810.020,A*37
$GPRMC,055810,A,6016.8339,N,02217.1960,E,0.0,0.0,090425,9.1,E*75
$GPGLL,6016.8339,N,02217.1960,E,055811.020,A*36
$GPRMC,055811,A,6016.8339,N,02217.1960,E,0.0,0.0,090425,9.1,E*74
!AIVDO,1,1,,A,33Kch>50001V57>RP4Kd=lsp0000,0*4F
!AIVDO,1,1,,A,53Kch>400000tTtl000dDlV3400000000000000l00F33000051RD0DP000000000000000,0*61
!AIVDM,1,1,,A,33L?H900001V7bDRO:Hq5K;p0000,0*79
!AIVDM,1,1,,A,53L?H9400000tLE0000hDtpTD00000000000001?00j330000540DQhDh00000000000000,0*57
!AIVDM,1,1,,A,B3KK;SP000IPDL8Wpa<02=N00000,0*4D
!AIVDM,1,1,,A,H3KK;SP5848Dhh4000000000000,0*14
!AIVDM,1,1,,A,H3KK;STU0000000?8mlqh000;220,0*20
$IIHDM,273.1,M*25
$IIHDG,273.10,9.10,E,,*2D
$IIHDM,273.1,M*25
$IIHDT,282.2,T*28
$IIHDT,282.2,T*28
$GPGGA,055812,6016.8339,N,02217.1960,E,2,12,0.5,7.6,M,18.6,M,,*4A
$GPGGA,055811,6016.8339,N,02217.1960,E,2,12,0.5,7.7,M,0.0,M,,*77
$GPGLL,6016.8339,N,02217.1960,E,055811.020,A*36
$GPRMC,055811,A,6016.8339,N,02217.1960,E,0.0,0.0,090425,9.1,E*74
$GPGLL,6016.8339,N,02217.1960,E,055812.020,A*35
$GPRMC,055812,A,6016.8339,N,02217.1960,E,0.0,0.0,090425,9.1,E*77
$IIHDG,273.10,9.10,E,,*2D
$IIHDT,282.2,T*28
$IIHDM,273.1,M*25
$IIHDG,273.10,9.10,E,,*2D
$IIHDM,273.1,M*25
$IIHDT,282.2,T*28
$IIHDT,282.2,T*28
$GPGGA,055813,6016.8339,N,02217.1960,E,2,12,0.5,7.6,M,18.6,M,,*4B
$GPGGA,055812,6016.8339,N,02217.1960,E,2,12,0.5,7.6,M,0.0,M,,*75
$GPGLL,6016.8339,N,02217.1960,E,055812.020,A*35
$GPRMC,055812,A,6016.8339,N,02217.1960,E,0.0,0.0,090425,9.1,E*77
$GPGLL,6016.8339,N,02217.1960,E,055813.020,A*34
$GPRMC,055813,A,6016.8339,N,02217.1960,E,0.0,0.0,090425,9.1,E*76
!AIVDO,1,1,,A,33L?H900001V7bFRO:Ha3K;p0000,0*6F
!AIVDO,1,1,,A,53L?H9400000tLE0000hDtpTD00000000000001?00j330000540DQhDh00000000000000,0*55
!AIVDM,1,1,,A,B3KK;SP000IPDL8Wp`T02=N00000,0*24
$GPRMC,055813,A,6016.8339,N,02217.1960,E,0.0,0.0,090425,9.1,E*76
$GPGGA,055813,6016.8329,N,02217.1960,E,2,12,0.5,7.6,M,0.0,M,,*75
$GPGLL,6016.8329,N,02217.1960,E,055813.020,A*35
!AIVDM,1,1,,A,H3KK;SP5848Dhh4000000000000,0*14
!AIVDM,1,1,,A,H3KK;STU0000000?8mlqh000;220,0*20
!AIVDM,1,1,,A,302<HTP0001V?U`RS3u@001p0000,0*7C
$IIHDM,273.1,M*25
$IIHDG,273.10,9.10,E,,*2D
$IIHDM,273.1,M*25
$IIHDT,282.2,T*28
$IIHDT,282.2,T*28
$GPGGA,055814,6016.8340,N,02217.1960,E,2,12,0.5,7.6,M,18.6,M,,*42
$GPGGA,055813,6016.8340,N,02217.1960,E,2,12,0.5,7.6,M,0.0,M,,*7A
$GPGLL,6016.8340,N,02217.1960,E,055813.020,A*3A
$GPRMC,055813,A,6016.8340,N,02217.1960,E,0.0,0.0,090425,9.1,E*78
$GPGLL,6016.8340,N,02217.1960,E,055814.020,A*3D
$GPRMC,055814,A,6016.8340,N,02217.1960,E,0.0,0.0,090425,9.1,E*7F
$IIHDM,273.1,M*25
$IIHDG,273.10,9.10,E,,*2D
$IIHDM,273.1,M*25
$IIHDT,282.2,T*28
$IIHDT,282.2,T*28
$GPGGA,055815,6016.8339,N,02217.1960,E,2,12,0.5,7.5,M,18.6,M,,*4E
$GPGGA,055814,6016.8339,N,02217.1960,E,2,12,0.5,7.6,M,0.0,M,,*73
$GPGLL,6016.8339,N,02217.1960,E,055814.020,A*33
$GPRMC,055814,A,6016.8339,N,02217.1960,E,0.0,0.0,090425,9.1,E*71
$GPGLL,6016.8339,N,02217.1960,E,055815.020,A*32
$GPRMC,055815,A,6016.8339,N,02217.1960,E,0.0,0.0,090425,9.1,E*70
$IIHDM,273.1,M*25
$IIHDG,273.10,9.10,E,,*2D
$IIHDM,273.1,M*25
$IIHDT,282.2,T*28
$IIHDT,282.2,T*28
$GPGGA,055816,6016.8340,N,02217.1960,E,2,12,0.5,7.5,M,18.6,M,,*43
$GPGGA,055815,6016.8340,N,02217.1960,E,2,12,0.5,7.5,M,0.0,M,,*7F
$GPGLL,6016.8340,N,02217.1960,E,055815.020,A*3C
$GPRMC,055815,A,6016.8340,N,02217.1960,E,0.0,0.0,090425,9.1,E*7E
$GPGLL,6016.8340,N,02217.1960,E,055816.020,A*3F
$GPRMC,055816,A,6016.8340,N,02217.1960,E,0.0,0.0,090425,9.1,E*7D
$IIHDM,273.1,M*25
$IIHDG,273.10,9.10,E,,*2D
$IIHDM,273.1,M*25
$IIHDT,282.2,T*28
$IIHDT,282.2,T*28
$GPGGA,055817,6016.8339,N,02217.1960,E,2,12,0.5,7.4,M,18.6,M,,*4D
$GPGGA,055816,6016.8339,N,02217.1960,E,2,12,0.5,7.5,M,0.0,M,,*72
$GPGLL,6016.8339,N,02217.1960,E,055816.020,A*31
$GPRMC,055816,A,6016.8339,N,02217.1960,E,0.0,0.0,090425,9.1,E*73
$GPGLL,6016.8339,N,02217.1960,E,055817.020,A*30
$GPRMC,055817,A,6016.8339,N,02217.1960,E,0.0,0.0,090425,9.1,E*72
$IIHDM,273.1,M*25
$IIHDG,273.10,9.10,E,,*2D
$IIHDM,273.1,M*25
$IIHDT,282.2,T*28
$IIHDT,282.2,T*28
$GPGGA,055818,6016.8340,N,02217.1960,E,2,12,0.5,7.4,M,18.6,M,,*4C
$GPGGA,055817,6016.8340,N,02217.1960,E,2,12,0.5,7.4,M,0.0,M,,*7C
$GPGLL,6016.8340,N,02217.1960,E,055817.020,A*3E
$GPRMC,055817,A,6016.8340,N,02217.1960,E,0.0,0.0,090425,9.1,E*7C
$GPGLL,6016.8340,N,02217.1960,E,055818.020,A*31
$GPRMC,055818,A,6016.8340,N,02217.1960,E,0.0,0.0,090425,9.1,E*73
$IIHDM,273.1,M*25
$IIHDG,273.10,9.10,E,,*2D
$IIHDM,273.1,M*25
$IIHDT,282.2,T*28
$IIHDT,282.2,T*28
$GPGGA,055819,6016.8340,N,02217.1960,E,2,12,0.5,7.3,M,18.6,M,,*4A
$GPGGA,055818,6016.8340,N,02217.1960,E,2,12,0.5,7.4,M,0.0,M,,*73
$GPGLL,6016.8340,N,02217.1960,E,055818.020,A*31
$GPRMC,055818,A,6016.8340,N,02217.1960,E,0.0,0.0,090425,9.1,E*73
$GPGLL,6016.8340,N,02217.1960,E,055819.020,A*30
$GPRMC,055819,A,6016.8340,N,02217.1960,E,0.0,0.0,090425,9.1,E*72
$IIHDM,273.1,M*25
$IIHDG,273.10,9.10,E,,*2D
$IIHDM,273.1,M*25
$IIHDT,282.2,T*28
$IIHDT,282.2,T*28
$GPGGA,055820,6016.8340,N,02217.1960,E,2,12,0.5,7.3,M,18.6,M,,*40
$GPGGA,055819,6016.8340,N,02217.1960,E,2,12,0.5,7.3,M,0.0,M,,*75
$GPGLL,6016.8340,N,02217.1960,E,055819.020,A*30
$GPRMC,055819,A,6016.8340,N,02217.1960,E,0.0,0.0,090425,9.1,E*72
$GPGLL,6016.8340,N,02217.1960,E,055820.020,A*3A
$GPRMC,055820,A,6016.8340,N,02217.1960,E,0.0,0.0,090425,9.1,E*78
$IIHDM,273.1,M*25
$IIHDG,273.10,9.10,E,,*2D
$IIHDM,273.1,M*25
$IIHDT,282.2,T*28
$IIHDT,282.2,T*28
$GPGGA,055821,6016.8340,N,02217.1960,E,2,12,0.5,7.2,M,18.6,M,,*40
$GPGGA,055820,6016.8340,N,02217.1960,E,2,12,0.5,7.3,M,0.0,M,,*7F
$GPGLL,6016.8340,N,02217.1960,E,055820.020,A*3A
$GPRMC,055820,A,6016.8340,N,02217.1960,E,0.0,0.0,090425,9.1,E*78
$GPGLL,6016.8340,N,02217.1960,E,055821.020,A*3B
$GPRMC,055821,A,6016.8340,N,02217.1960,E,0.0,0.0,090425,9.1,E*79
!AIVDM,1,1,,A,33L?H900001V7bFRO:Ha3K;p0000,0*6D
!AIVDM,1,1,,A,53L?H9400000tLE0000hDtpTD00000000000001?00j330000540DQhDh00000000000000,0*57
!AIVDM,1,1,,A,B3KK;SP000IPDL8Wpa@02=N00000,0*31
!AIVDM,1,1,,A,H3KK;SP5848Dhh4000000000000,0*14
!AIVDM,1,1,,A,H3KK;STU0000000?8mlqh000;220,0*20
$IIHDM,273.1,M*25
$IIHDG,273.10,9.10,E,,*2D
$IIHDM,273.1,M*25
$IIHDT,282.2,T*28
$IIHDT,282.2,T*28
$GPGGA,055822,6016.8340,N,02217.1960,E,2,12,0.5,7.2,M,18.6,M,,*43
$GPGGA,055821,6016.8340,N,02217.1960,E,2,12,0.5,7.2,M,0.0,M,,*7F
$GPGLL,6016.8340,N,02217.1960,E,055821.020,A*3B
$GPRMC,055821,A,6016.8340,N,02217.1960,E,0.0,0.0,090425,9.1,E*79
$GPGLL,6016.8340,N,02217.1960,E,055822.020,A*38
$GPRMC,055822,A,6016.8340,N,02217.1960,E,0.0,0.0,090425,9.1,E*7A
$IIHDG,273.10,9.10,E,,*2D
$IIHDT,282.2,T*28
$IIHDM,273.1,M*25
$IIHDG,273.10,9.10,E,,*2D
$IIHDM,273.1,M*25
$IIHDT,282.2,T*28
$IIHDT,282.2,T*28
$GPGGA,055823,6016.8340,N,02217.1960,E,2,12,0.5,7.2,M,18.6,M,,*42
$GPGGA,055822,6016.8340,N,02217.1960,E,2,12,0.5,7.2,M,0.0,M,,*7C
$GPGLL,6016.8340,N,02217.1960,E,055822.020,A*38
$GPRMC,055822,A,6016.8340,N,02217.1960,E,0.0,0.0,090425,9.1,E*7A
$GPGLL,6016.8340,N,02217.1960,E,055823.020,A*39
$GPRMC,055823,A,6016.8340,N,02217.1960,E,0.0,0.0,090425,9.1,E*7B
!AIVDO,1,1,,A,33L?H900001V7bDRO:HHls;p0000,0*23
!AIVDO,1,1,,A,53L?H9400000tLE0000hDtpTD00000000000001?00j330000540DQhDh00000000000000,0*55
!AIVDM,1,1,,A,B3KK;SP000IPDM8Wp`P02=N00000,0*21
$GPRMC,055823,A,6016.8340,N,02217.1960,E,0.0,0.0,090425,9.1,E*7B
$GPGGA,055823,6016.8328,N,02217.1962,E,2,12,0.5,7.2,M,0.0,M,,*71
$GPGLL,6016.8328,N,02217.1962,E,055823.020,A*35
!AIVDM,1,1,,A,H3KK;SP5848Dhh4000000000000,0*14
!AIVDM,1,1,,A,H3KK;STU0000000?8mlqh000;220,0*20
!AIVDM,1,1,,A,302<HTP0001V?UbRS3u@001p0000,0*7E
!AIVDM,1,1,,A,33Kvnp0Oh=1U>94RMoJ@pPep0000,0*37
!AIVDM,1,1,,A,53Kvnp400000ta9T000DhDeA840000000000001101R7700007T4Slm5RBw;OS2C33@C3h0,0*35
$IIHDM,273.1,M*25
$IIHDG,273.10,9.10,E,,*2D
$IIHDM,273.1,M*25
$IIHDT,282.2,T*28
$IIHDT,282.2,T*28
$GPGGA,055824,6016.8340,N,02217.1960,E,2,12,0.5,7.1,M,18.6,M,,*46
$GPGGA,055823,6016.8340,N,02217.1960,E,2,12,0.5,7.2,M,0.0,M,,*7D
$GPGLL,6016.8340,N,02217.1960,E,055823.020,A*39
$GPRMC,055823,A,6016.8340,N,02217.1960,E,0.0,0.0,090425,9.1,E*7B
$GPGLL,6016.8340,N,02217.1960,E,055824.020,A*3E
$GPRMC,055824,A,6016.8340,N,02217.1960,E,0.0,0.0,090425,9.1,E*7C
$IIHDM,273.1,M*25
$IIHDG,273.10,9.10,E,,*2D
$IIHDM,273.1,M*25
$IIHDT,282.2,T*28
$IIHDT,282.2,T*28
$GPGGA,055825,6016.8340,N,02217.1960,E,2,12,0.5,7.0,M,18.6,M,,*46
$GPGGA,055824,6016.8340,N,02217.1960,E,2,12,0.5,7.1,M,0.0,M,,*79
$GPGLL,6016.8340,N,02217.1960,E,055824.020,A*3E
$GPRMC,055824,A,6016.8340,N,02217.1960,E,0.0,0.0,090425,9.1,E*7C
$GPGLL,6016.8340,N,02217.1960,E,055825.020,A*3F
$GPRMC,055825,A,6016.8340,N,02217.1960,E,0.0,0.0,090425,9.1,E*7D
$IIHDM,273.1,M*25
$IIHDG,273.10,9.10,E,,*2D
$IIHDM,273.1,M*25
$IIHDT,282.2,T*28
$IIHDT,282.2,T*28
$GPGGA,055826,6016.8340,N,02217.1960,E,2,12,0.5,7.0,M,18.6,M,,*45
$GPGGA,055825,6016.8340,N,02217.1960,E,2,12,0.5,7.0,M,0.0,M,,*79
$GPGLL,6016.8340,N,02217.1960,E,055825.020,A*3F
$GPRMC,055825,A,6016.8340,N,02217.1960,E,0.0,0.0,090425,9.1,E*7D
$GPGLL,6016.8340,N,02217.1960,E,055826.020,A*3C
$GPRMC,055826,A,6016.8340,N,02217.1960,E,0.0,0.0,090425,9.1,E*7E
$IIHDM,273.1,M*25
$IIHDG,273.10,9.10,E,,*2D
$IIHDM,273.1,M*25
$IIHDT,282.2,T*28
$IIHDT,282.2,T*28
$GPGGA,055827,6016.8340,N,02217.1960,E,2,12,0.5,6.9,M,18.6,M,,*4C
$GPGGA,055826,6016.8340,N,02217.1960,E,2,12,0.5,7.0,M,0.0,M,,*7A
$GPGLL,6016.8340,N,02217.1960,E,055826.020,A*3C
$GPRMC,055826,A,6016.8340,N,02217.1960,E,0.0,0.0,090425,9.1,E*7E
$GPGLL,6016.8340,N,02217.1960,E,055827.020,A*3D
$GPRMC,055827,A,6016.8340,N,02217.1960,E,0.0,0.0,090425,9.1,E*7F
$IIHDM,273.1,M*25
$IIHDG,273.10,9.10,E,,*2D
$IIHDM,273.1,M*25
$IIHDT,282.2,T*28
$IIHDT,282.2,T*28
$GPGGA,055828,6016.8340,N,02217.1960,E,2,12,0.5,6.9,M,18.6,M,,*43
$GPGGA,055827,6016.8340,N,02217.1960,E,2,12,0.5,6.9,M,0.0,M,,*73
$GPGLL,6016.8340,N,02217.1960,E,055827.020,A*3D
$GPRMC,055827,A,6016.8340,N,02217.1960,E,0.0,0.0,090425,9.1,E*7F
$GPGLL,6016.8340,N,02217.1960,E,055828.020,A*32
$GPRMC,055828,A,6016.8340,N,02217.1960,E,0.0,0.0,090425,9.1,E*70
$IIHDG,273.10,9.10,E,,*2D
$IIHDT,282.2,T*28
$IIHDM,273.1,M*25
$IIHDG,273.10,9.10,E,,*2D
$IIHDM,273.1,M*25
$IIHDT,282.2,T*28
$IIHDT,282.2,T*28
$GPGGA,055829,6016.8340,N,02217.1960,E,2,12,0.5,6.8,M,18.6,M,,*43
$GPGGA,055828,6016.8340,N,02217.1960,E,2,12,0.5,6.9,M,0.0,M,,*7C
$GPGLL,6016.8340,N,02217.1960,E,055828.020,A*32
$GPRMC,055828,A,6016.8340,N,02217.1960,E,0.0,0.0,090425,9.1,E*70
$GPGLL,6016.8340,N,02217.1960,E,055829.020,A*33
$GPRMC,055829,A,6016.8340,N,02217.1960,E,0.0,0.0,090425,9.1,E*71
$IIHDM,273.1,M*25
$IIHDG,273.10,9.10,E,,*2D
$IIHDM,273.1,M*25
$IIHDT,282.2,T*28
$IIHDT,282.2,T*28
$GPGGA,055830,6016.8340,N,02217.1960,E,2,12,0.5,6.8,M,18.6,M,,*4B
$GPGGA,055829,6016.8340,N,02217.1960,E,2,12,0.5,6.8,M,0.0,M,,*7C
$GPGLL,6016.8340,N,02217.1960,E,055829.020,A*33
$GPRMC,055829,A,6016.8340,N,02217.1960,E,0.0,0.0,090425,9.1,E*71
$GPGLL,6016.8340,N,02217.1960,E,055830.020,A*3B
$GPRMC,055830,A,6016.8340,N,02217.1960,E,0.0,0.0,090425,9.1,E*79
$IIHDM,273.1,M*25
$IIHDG,273.10,9.10,E,,*2D
$IIHDM,273.1,M*25
$IIHDT,282.2,T*28
$IIHDT,282.2,T*28
$GPGGA,055831,6016.8340,N,02217.1960,E,2,12,0.5,6.8,M,18.6,M,,*4A
$GPGGA,055830,6016.8340,N,02217.1960,E,2,12,0.5,6.8,M,0.0,M,,*74
$GPGLL,6016.8340,N,02217.1960,E,055830.020,A*3B
$GPRMC,055830,A,6016.8340,N,02217.1960,E,0.0,0.0,090425,9.1,E*79
$GPGLL,6016.8340,N,02217.1960,E,055831.020,A*3A
$GPRMC,055831,A,6016.8340,N,02217.1960,E,0.0,0.0,090425,9.1,E*78
!AIVDM,1,1,,A,33L?H900001V7bDRO:HHls;p0000,0*21
!AIVDM,1,1,,A,53L?H9400000tLE0000hDtpTD00000000000001?00j330000540DQhDh00000000000000,0*57
!AIVDM,1,1,,A,B3KK;SP000IPDL8Wpa@02=N00000,0*31
!AIVDM,1,1,,A,H3KK;SP5848Dhh4000000000000,0*14
!AIVDM,1,1,,A,H3KK;STU0000000?8mlqh000;220,0*20
$IIHDM,273.1,M*25
$IIHDG,273.10,9.10,E,,*2D
$IIHDM,273.1,M*25
$IIHDT,282.2,T*28
$IIHDT,282.2,T*28
$GPGGA,055832,6016.8340,N,02217.1960,E,2,12,0.5,6.8,M,18.6,M,,*49
$GPGGA,055831,6016.8340,N,02217.1960,E,2,12,0.5,6.8,M,0.0,M,,*75
$GPGLL,6016.8340,N,02217.1960,E,055831.020,A*3A
$GPRMC,055831,A,6016.8340,N,02217.1960,E,0.0,0.0,090425,9.1,E*78
$GPGLL,6016.8340,N,02217.1960,E,055832.020,A*39
$GPRMC,055832,A,6016.8340,N,02217.1960,E,0.0,0.0,090425,9.1,E*7B
$IIHDM,273.1,M*25
$IIHDG,273.10,9.10,E,,*2D
$IIHDM,273.1,M*25
$IIHDT,282.2,T*28
$IIHDT,282.2,T*28
$GPGGA,055833,6016.8340,N,02217.1960,E,2,12,0.5,6.7,M,18.6,M,,*47
$GPGGA,055832,6016.8340,N,02217.1960,E,2,12,0.5,6.8,M,0.0,M,,*76
$GPGLL,6016.8340,N,02217.1960,E,055832.020,A*39
$GPRMC,055832,A,6016.8340,N,02217.1960,E,0.0,0.0,090425,9.1,E*7B
$GPGLL,6016.8340,N,02217.1960,E,055833.020,A*38
$GPRMC,055833,A,6016.8340,N,02217.1960,E,0.0,0.0,090425,9.1,E*7A
!AIVDO,1,1,,A,33L?H900001V7b@RO:GrkK;p0000,0*2D
!AIVDO,1,1,,A,53L?H9400000tLE0000hDtpTD00000000000001?00j330000540DQhDh00000000000000,0*55
!AIVDM,1,1,,A,B3KK;SP000IPDL8Wp`T02=N00000,0*24
$GPRMC,055833,A,6016.8340,N,02217.1960,E,0.0,0.0,090425,9.1,E*7A
$GPGGA,055833,6016.8329,N,02217.1960,E,2,12,0.5,6.7,M,0.0,M,,*77
$GPGLL,6016.8329,N,02217.1960,E,055833.020,A*37
!AIVDM,1,1,,A,H3KK;SP5848Dhh4000000000000,0*14
!AIVDM,1,1,,A,H3KK;STU0000000?8mlqh000;220,0*20
!AIVDM,1,1,,A,302<HTP0001V?UdRS3u0001p0000,0*08
$IIHDM,273.1,M*25
$IIHDG,273.10,9.10,E,,*2D
$IIHDM,273.1,M*25
$IIHDT,282.2,T*28
$IIHDT,282.2,T*28
$GPGGA,055834,6016.8340,N,02217.1960,E,2,12,0.5,6.7,M,18.6,M,,*40
$GPGGA,055833,6016.8340,N,02217.1960,E,2,12,0.5,6.7,M,0.0,M,,*78
$GPGLL,6016.8340,N,02217.1960,E,055833.020,A*38
$GPRMC,055833,A,6016.8340,N,02217.1960,E,0.0,0.0,090425,9.1,E*7A
$GPGLL,6016.8340,N,02217.1960,E,055834.020,A*3F
$GPRMC,055834,A,6016.8340,N,02217.1960,E,0.0,0.0,090425,9.1,E*7D
$IIHDM,273.1,M*25
$IIHDG,273.10,9.10,E,,*2D
$IIHDM,273.1,M*25
$IIHDT,282.2,T*28
$IIHDT,282.2,T*28
$GPGGA,055835,6016.8340,N,02217.1960,E,2,12,0.5,6.7,M,18.6,M,,*41
$GPGGA,055834,6016.8340,N,02217.1960,E,2,12,0.5,6.7,M,0.0,M,,*7F
$GPGLL,6016.8340,N,02217.1960,E,055834.020,A*3F
$GPRMC,055834,A,6016.8340,N,02217.1960,E,0.0,0.0,090425,9.1,E*7D
$GPGLL,6016.8340,N,02217.1960,E,055835.020,A*3E
$GPRMC,055835,A,6016.8340,N,02217.1960,E,0.0,0.0,090425,9.1,E*7C
$IIHDM,273.1,M*25
$IIHDG,273.10,9.10,E,,*2D
$IIHDM,273.1,M*25
$IIHDT,282.2,T*28
$IIHDT,282.2,T*28
$GPGGA,055836,6016.8340,N,02217.1960,E,2,12,0.5,6.7,M,18.6,M,,*42
$GPGGA,055835,6016.8340,N,02217.1960,E,2,12,0.5,6.7,M,0.0,M,,*7E
$GPGLL,6016.8340,N,02217.1960,E,055835.020,A*3E
$GPRMC,055835,A,6016.8340,N,02217.1960,E,0.0,0.0,090425,9.1,E*7C
$GPGLL,6016.8340,N,02217.1960,E,055836.020,A*3D
$GPRMC,055836,A,6016.8340,N,02217.1960,E,0.0,0.0,090425,9.1,E*7F
$IIHDM,273.1,M*25
$IIHDG,273.10,9.10,E,,*2D
$IIHDM,273.1,M*25
$IIHDT,282.2,T*28
$IIHDT,282.2,T*28
$GPGGA,055837,6016.8340,N,02217.1960,E,2,12,0.5,6.7,M,18.6,M,,*43
$GPGGA,055836,6016.8340,N,02217.1960,E,2,12,0.5,6.7,M,0.0,M,,*7D
$GPGLL,6016.8340,N,02217.1960,E,055836.020,A*3D
$GPRMC,055836,A,6016.8340,N,02217.1960,E,0.0,0.0,090425,9.1,E*7F
$GPGLL,6016.8340,N,02217.1960,E,055837.020,A*3C
$GPRMC,055837,A,6016.8340,N,02217.1960,E,0.0,0.0,090425,9.1,E*7E
$IIHDM,273.1,M*25
$IIHDG,273.10,9.10,E,,*2D
$IIHDM,273.1,M*25
$IIHDT,282.2,T*28
$IIHDT,282.2,T*28
$GPGGA,055838,6016.8340,N,02217.1960,E,2,12,0.5,6.7,M,18.6,M,,*4C
$GPGGA,055837,6016.8340,N,02217.1960,E,2,12,0.5,6.7,M,0.0,M,,*7C
$GPGLL,6016.8340,N,02217.1960,E,055837.020,A*3C
$GPRMC,055837,A,6016.8340,N,02217.1960,E,0.0,0.0,090425,9.1,E*7E
$GPGLL,6016.8340,N,02217.1960,E,055838.020,A*33
$GPRMC,055838,A,6016.8340,N,02217.1960,E,0.0,0.0,090425,9.1,E*71
$IIHDM,273.1,M*25
$IIHDG,273.10,9.10,E,,*2D
$IIHDM,273.1,M*25
$IIHDT,282.2,T*28
$IIHDT,282.2,T*28
$GPGGA,055839,6016.8339,N,02217.1960,E,2,12,0.5,6.7,M,18.6,M,,*43
$GPGGA,055838,6016.8339,N,02217.1960,E,2,12,0.5,6.7,M,0.0,M,,*7D
$GPGLL,6016.8339,N,02217.1960,E,055838.020,A*3D
$GPRMC,055838,A,6016.8339,N,02217.1960,E,0.0,0.0,090425,9.1,E*7F
$GPGLL,6016.8339,N,02217.1960,E,055839.020,A*3C
$GPRMC,055839,A,6016.8339,N,02217.1960,E,0.0,0.0,090425,9.1,E*7E
$IIHDG,273.10,9.10,E,,*2D
$IIHDM,273.1,M*25
$IIHDG,273.10,9.10,E,,*2D
$IIHDM,273.1,M*25
$IIHDT,282.2,T*28
$IIHDT,282.2,T*28
$GPGGA,055840,6016.8339,N,02217.1960,E,2,12,0.5,6.8,M,18.6,M,,*42
$GPGGA,055839,6016.8339,N,02217.1960,E,2,12,0.5,6.7,M,0.0,M,,*7C
$GPGLL,6016.8339,N,02217.1960,E,055839.020,A*3C
$GPRMC,055839,A,6016.8339,N,02217.1960,E,0.0,0.0,090425,9.1,E*7E
$GPGLL,6016.8339,N,02217.1960,E,055840.020,A*32
$GPRMC,055840,A,6016.8339,N,02217.1960,E,0.0,0.0,090425,9.1,E*70
$IIHDM,273.1,M*25
$IIHDG,273.10,9.10,E,,*2D
$IIHDM,273.1,M*25
$IIHDT,282.2,T*28
$IIHDT,282.2,T*28
$GPGGA,055841,6016.8339,N,02217.1960,E,2,12,0.5,6.8,M,18.6,M,,*43
$GPGGA,055840,6016.8339,N,02217.1960,E,2,12,0.5,6.8,M,0.0,M,,*7D
$GPGLL,6016.8339,N,02217.1960,E,055840.020,A*32
$GPRMC,055840,A,6016.8339,N,02217.1960,E,0.0,0.0,090425,9.1,E*70
$GPGLL,6016.8339,N,02217.1960,E,055841.020,A*33
$GPRMC,055841,A,6016.8339,N,02217.1960,E,0.0,0.0,090425,9.1,E*71
!AIVDM,1,1,,A,33L?H900001V7b@RO:GrkK;p0000,0*2F
!AIVDM,1,1,,A,53L?H9400000tLE0000hDtpTD00000000000001?00j330000540DQhDh00000000000000,0*57
!AIVDM,1,1,,A,B3KK;SP000IPDL8Wpa<02=N00000,0*4D
!AIVDM,1,1,,A,H3KK;SP5848Dhh4000000000000,0*14
!AIVDM,1,1,,A,H3KK;STU0000000?8mlqh000;220,0*20
$IIHDM,273.1,M*25
$IIHDG,273.10,9.10,E,,*2D
$IIHDM,273.1,M*25
$IIHDT,282.2,T*28
$IIHDT,282.2,T*28
$GPGGA,055842,6016.8339,N,02217.1960,E,2,12,0.5,6.8,M,18.6,M,,*40
$GPGGA,055841,6016.8339,N,02217.1960,E,2,12,0.5,6.8,M,0.0,M,,*7C
$GPGLL,6016.8339,N,02217.1960,E,055841.020,A*33
$GPRMC,055841,A,6016.8339,N,02217.1960,E,0.0,0.0,090425,9.1,E*71
$GPGLL,6016.8339,N,02217.1960,E,055842.020,A*30
$GPRMC,055842,A,6016.8339,N,02217.1960,E,0.0,0.0,090425,9.1,E*72
$IIHDG,273.10,9.10,E,,*2D
$IIHDT,282.2,T*28
$IIHDM,273.1,M*25
$IIHDG,273.10,9.10,E,,*2D
$IIHDM,273.1,M*25
$IIHDT,282.2,T*28
$IIHDT,282.2,T*28
$GPGGA,055843,6016.8339,N,02217.1960,E,2,12,0.5,6.8,M,18.6,M,,*41
$GPGGA,055842,6016.8339,N,02217.1960,E,2,12,0.5,6.8,M,0.0,M,,*7F
$GPGLL,6016.8339,N,02217.1960,E,055842.020,A*30
$GPRMC,055842,A,6016.8339,N,02217.1960,E,0.0,0.0,090425,9.1,E*72
$GPGLL,6016.8339,N,02217.1960,E,055843.020,A*31
$GPRMC,055843,A,6016.8339,N,02217.1960,E,0.0,0.0,090425,9.1,E*73
!AIVDO,1,1,,A,33L?H900001V7b:RO:GaFs;p0000,0*51
!AIVDO,1,1,,A,53L?H9400000tLE0000hDtpTD00000000000001?00j330000540DQhDh00000000000000,0*55
!AIVDM,1,1,,A,B3KK;SP000IPDL8Wp``02=N00000,0*10
$GPRMC,055843,A,6016.8339,N,02217.1960,E,0.0,0.0,090425,9.1,E*73
$GPGGA,055843,6016.8330,N,02217.1960,E,2,12,0.5,6.8,M,0.0,M,,*77
$GPGLL,6016.8330,N,02217.1960,E,055843.020,A*38
!AIVDM,1,1,,A,H3KK;SP5848Dhh4000000000000,0*14
!AIVDM,1,1,,A,H3KK;STU0000000?8mlqh000;220,0*20
!AIVDM,1,1,,A,302<HTP0001V?V0RS3t0001p0000,0*5E
$IIHDM,273.1,M*25
$IIHDG,273.10,9.10,E,,*2D
$IIHDM,273.1,M*25
$IIHDT,282.2,T*28
$IIHDT,282.2,T*28
$GPGGA,055844,6016.8339,N,02217.1960,E,2,12,0.5,6.9,M,18.6,M,,*47
$GPGGA,055843,6016.8339,N,02217.1960,E,2,12,0.5,6.8,M,0.0,M,,*7E
$GPGLL,6016.8339,N,02217.1960,E,055843.020,A*31
$GPRMC,055843,A,6016.8339,N,02217.1960,E,0.0,0.0,090425,9.1,E*73
$GPGLL,6016.8339,N,02217.1960,E,055844.020,A*36
$GPRMC,055844,A,6016.8339,N,02217.1960,E,0.0,0.0,090425,9.1,E*74
$IIHDM,273.1,M*25
$IIHDG,273.10,9.10,E,,*2D
$IIHDM,273.1,M*25
$IIHDT,282.2,T*28
$IIHDT,282.2,T*28
$GPGGA,055845,6016.8339,N,02217.1960,E,2,12,0.5,6.8,M,18.6,M,,*47
$GPGGA,055844,6016.8339,N,02217.1960,E,2,12,0.5,6.9,M,0.0,M,,*78
$GPGLL,6016.8339,N,02217.1960,E,055844.020,A*36
$GPRMC,055844,A,6016.8339,N,02217.1960,E,0.0,0.0,090425,9.1,E*74
$GPGLL,6016.8339,N,02217.1960,E,055845.020,A*37
$GPRMC,055845,A,6016.8339,N,02217.1960,E,0.0,0.0,090425,9.1,E*75
$IIHDM,273.1,M*25
$IIHDG,273.10,9.10,E,,*2D
$IIHDM,273.1,M*25
$IIHDT,282.2,T*28
$IIHDT,282.2,T*28
$GPGGA,055846,6016.8339,N,02217.1960,E,2,12,0.5,6.8,M,18.6,M,,*44
$GPGGA,055845,6016.8339,N,02217.1960,E,2,12,0.5,6.8,M,0.0,M,,*78
$GPGLL,6016.8339,N,02217.1960,E,055845.020,A*37
$GPRMC,055845,A,6016.8339,N,02217.1960,E,0.0,0.0,090425,9.1,E*75
$GPGLL,6016.8339,N,02217.1960,E,055846.020,A*34
$GPRMC,055846,A,6016.8339,N,02217.1960,E,0.0,0.0,090425,9.1,E*76
$IIHDM,273.1,M*25
$IIHDG,273.10,9.10,E,,*2D
$IIHDM,273.1,M*25
$IIHDT,282.2,T*28
$IIHDT,282.2,T*28
$GPGGA,055847,6016.8339,N,02217.1960,E,2,12,0.5,6.8,M,18.6,M,,*45
$GPGGA,055846,6016.8339,N,02217.1960,E,2,12,0.5,6.8,M,0.0,M,,*7B
$GPGLL,6016.8339,N,02217.1960,E,055846.020,A*34
$GPRMC,055846,A,6016.8339,N,02217.1960,E,0.0,0.0,090425,9.1,E*76
$GPGLL,6016.8339,N,02217.1960,E,055847.020,A*35
$GPRMC,055847,A,6016.8339,N,02217.1960,E,0.0,0.0,090425,9.1,E*77
$IIHDM,273.1,M*25
$IIHDG,273.10,9.10,E,,*2D
$IIHDM,273.1,M*25
$IIHDT,282.2,T*28
$IIHDT,282.2,T*28
$GPGGA,055848,6016.8339,N,02217.1960,E,2,12,0.5,6.7,M,18.6,M,,*45
$GPGGA,055847,6016.8339,N,02217.1960,E,2,12,0.5,6.8,M,0.0,M,,*7A
$GPGLL,6016.8339,N,02217.1960,E,055847.020,A*35
$GPRMC,055847,A,6016.8339,N,02217.1960,E,0.0,0.0,090425,9.1,E*77
$GPGLL,6016.8339,N,02217.1960,E,055848.020,A*3A
$GPRMC,055848,A,6016.8339,N,02217.1960,E,0.0,0.0,090425,9.1,E*78
$IIHDM,273.1,M*25
$IIHDG,273.10,9.10,E,,*2D
$IIHDM,273.1,M*25
$IIHDT,282.2,T*28
$IIHDT,282.2,T*28
$GPGGA,055849,6016.8339,N,02217.1960,E,2,12,0.5,6.6,M,18.6,M,,*45
$GPGGA,055848,6016.8339,N,02217.1960,E,2,12,0.5,6.7,M,0.0,M,,*7A
$GPGLL,6016.8339,N,02217.1960,E,055848.020,A*3A
$GPRMC,055848,A,6016.8339,N,02217.1960,E,0.0,0.0,090425,9.1,E*78
$GPGLL,6016.8339,N,02217.1960,E,055849.020,A*3B
$GPRMC,055849,A,6016.8339,N,02217.1960,E,0.0,0.0,090425,9.1,E*79
$IIHDM,273.1,M*25
$IIHDG,273.10,9.10,E,,*2D
$IIHDM,273.1,M*25
$IIHDT,282.2,T*28
$IIHDT,282.2,T*28
$GPGGA,055850,6016.8339,N,02217.1960,E,2,12,0.5,6.6,M,18.6,M,,*4D
$GPGGA,055849,6016.8339,N,02217.1960,E,2,12,0.5,6.6,M,0.0,M,,*7A
$GPGLL,6016.8339,N,02217.1960,E,055849.020,A*3B
$GPRMC,055849,A,6016.8339,N,02217.1960,E,0.0,0.0,090425,9.1,E*79
$GPGLL,6016.8339,N,02217.1960,E,055850.020,A*33
$GPRMC,055850,A,6016.8339,N,02217.1960,E,0.0,0.0,090425,9.1,E*71
$IIHDM,273.1,M*25
$IIHDG,273.10,9.10,E,,*2D
$IIHDM,273.1,M*25
$IIHDT,282.2,T*28
$IIHDT,282.2,T*28
$GPGGA,055851,6016.8339,N,02217.1960,E,2,12,0.5,6.5,M,18.6,M,,*4F
$GPGGA,055850,6016.8339,N,02217.1960,E,2,12,0.5,6.6,M,0.0,M,,*72
$GPGLL,6016.8339,N,02217.1960,E,055850.020,A*33
$GPRMC,055850,A,6016.8339,N,02217.1960,E,0.0,0.0,090425,9.1,E*71
$GPGLL,6016.8339,N,02217.1960,E,055851.020,A*32
$GPRMC,055851,A,6016.8339,N,02217.1960,E,0.0,0.0,090425,9.1,E*70
!AIVDM,1,1,,A,33L?H900001V7b:RO:GaFs;p0000,0*53
!AIVDM,1,1,,A,53L?H9400000tLE0000hDtpTD00000000000001?00j330000540DQhDh00000000000000,0*57
!AIVDM,1,1,,A,B3KK;SP000IPDL8Wpa<02=N00000,0*4D
!AIVDM,1,1,,A,H3KK;SP5848Dhh4000000000000,0*14
!AIVDM,1,1,,A,H3KK;STU0000000?8mlqh000;220,0*20
$IIHDM,273.1,M*25
$IIHDG,273.10,9.10,E,,*2D
$IIHDM,273.1,M*25
$IIHDT,282.2,T*28
$IIHDT,282.2,T*28
$GPGGA,055852,6016.8339,N,02217.1960,E,2,12,0.5,6.5,M,18.6,M,,*4C
$GPGGA,055851,6016.8339,N,02217.1960,E,2,12,0.5,6.5,M,0.0,M,,*70
$GPGLL,6016.8339,N,02217.1960,E,055851.020,A*32
$GPRMC,055851,A,6016.8339,N,02217.1960,E,0.0,0.0,090425,9.1,E*70
$GPGLL,6016.8339,N,02217.1960,E,055852.020,A*31
$GPRMC,055852,A,6016.8339,N,02217.1960,E,0.0,0.0,090425,9.1,E*73
$IIHDM,273.1,M*25
$IIHDG,273.10,9.10,E,,*2D
$IIHDM,273.1,M*25
$IIHDT,282.2,T*28
$IIHDT,282.2,T*28
$GPGGA,055853,6016.8339,N,02217.1960,E,2,12,0.5,6.5,M,18.6,M,,*4D
$GPGGA,055852,6016.8339,N,02217.1960,E,2,12,0.5,6.5,M,0.0,M,,*73
$GPGLL,6016.8339,N,02217.1960,E,055852.020,A*31
$GPRMC,055852,A,6016.8339,N,02217.1960,E,0.0,0.0,090425,9.1,E*73
$GPGLL,6016.8339,N,02217.1960,E,055853.020,A*30
$GPRMC,055853,A,6016.8339,N,02217.1960,E,0.0,0.0,090425,9.1,E*72
!AIVDO,1,1,,A,33L?H900001V7b4RO:Gr<K;p0000,0*0E
!AIVDO,1,1,,A,53L?H9400000tLE0000hDtpTD00000000000001?00j330000540DQhDh00000000000000,0*55
!AIVDM,1,1,,A,B3KK;SP000IPDK8Wp``02=N00000,0*17
$GPRMC,055853,A,6016.8339,N,02217.1960,E,0.0,0.0,090425,9.1,E*72
$GPGGA,055853,6016.8330,N,02217.1958,E,2,12,0.5,6.5,M,0.0,M,,*70
$GPGLL,6016.8330,N,02217.1958,E,055853.020,A*32
!AIVDM,1,1,,A,H3KK;SP5848Dhh4000000000000,0*14
!AIVDM,1,1,,A,H3KK;STU0000000?8mlqh000;220,0*20
!AIVDM,1,1,,A,302<HTP0001V?V>RS3s@001p0000,0*27
$IIHDM,273.1,M*25
$IIHDG,273.10,9.10,E,,*2D
$IIHDM,273.1,M*25
$IIHDT,282.2,T*28
$IIHDT,282.2,T*28
$GPGGA,055854,6016.8339,N,02217.1960,E,2,12,0.5,6.4,M,18.6,M,,*4B
$GPGGA,055853,6016.8339,N,02217.1960,E,2,12,0.5,6.5,M,0.0,M,,*72
$GPGLL,6016.8339,N,02217.1960,E,055853.020,A*30
$GPRMC,055853,A,6016.8339,N,02217.1960,E,0.0,0.0,090425,9.1,E*72
$GPGLL,6016.8339,N,02217.1960,E,055854.020,A*37
$GPRMC,055854,A,6016.8339,N,02217.1960,E,0.0,0.0,090425,9.1,E*75
$IIHDM,273.1,M*25
$IIHDG,273.10,9.10,E,,*2D
$IIHDM,273.1,M*25
$IIHDT,282.2,T*28
$IIHDT,282.2,T*28
$GPGGA,055855,6016.8339,N,02217.1960,E,2,12,0.5,6.4,M,18.6,M,,*4A
$GPGGA,055854,6016.8339,N,02217.1960,E,2,12,0.5,6.4,M,0.0,M,,*74
$GPGLL,6016.8339,N,02217.1960,E,055854.020,A*37
$GPRMC,055854,A,6016.8339,N,02217.1960,E,0.0,0.0,090425,9.1,E*75
$GPGLL,6016.8339,N,02217.1960,E,055855.020,A*36
$GPRMC,055855,A,6016.8339,N,02217.1960,E,0.0,0.0,090425,9.1,E*74
$IIHDM,273.1,M*25
$IIHDG,273.10,9.10,E,,*2D
$IIHDM,273.1,M*25
$IIHDT,282.2,T*28
$IIHDT,282.2,T*28
$GPGGA,055856,6016.8339,N,02217.1960,E,2,12,0.5,6.4,M,18.6,M,,*49
$GPGGA,055855,6016.8339,N,02217.1960,E,2,12,0.5,6.4,M,0.0,M,,*75
$GPGLL,6016.8339,N,02217.1960,E,055855.020,A*36
$GPRMC,055855,A,6016.8339,N,02217.1960,E,0.0,0.0,090425,9.1,E*74
$GPGLL,6016.8339,N,02217.1960,E,055856.020,A*35
$GPRMC,055856,A,6016.8339,N,02217.1960,E,0.0,0.0,090425,9.1,E*77
$IIHDG,273.10,9.10,E,,*2D
$IIHDT,282.2,T*28
$IIHDM,273.1,M*25
$IIHDG,273.10,9.10,E,,*2D
$IIHDM,273.1,M*25
$IIHDT,282.2,T*28
$IIHDT,282.2,T*28
$GPGGA,055857,6016.8339,N,02217.1960,E,2,12,0.5,6.4,M,18.6,M,,*48
$GPGGA,055856,6016.8339,N,02217.1960,E,2,12,0.5,6.4,M,0.0,M,,*76
$GPGLL,6016.8339,N,02217.1960,E,055856.020,A*35
$GPRMC,055856,A,6016.8339,N,02217.1960,E,0.0,0.0,090425,9.1,E*77
$GPGLL,6016.8339,N,02217.1960,E,055857.020,A*34
$GPRMC,055857,A,6016.8339,N,02217.1960,E,0.0,0.0,090425,9.1,E*76
$IIHDM,273.1,M*25
$IIHDG,273.10,9.10,E,,*2D
$IIHDM,273.1,M*25
$IIHDT,282.2,T*28
$IIHDT,282.2,T*28
$GPGGA,055858,6016.8339,N,02217.1960,E,2,12,0.5,6.5,M,18.6,M,,*46
$GPGGA,055857,6016.8339,N,02217.1960,E,2,12,0.5,6.4,M,0.0,M,,*77
$GPGLL,6016.8339,N,02217.1960,E,055857.020,A*34
$GPRMC,055857,A,6016.8339,N,02217.1960,E,0.0,0.0,090425,9.1,E*76
$GPGLL,6016.8339,N,02217.1960,E,055858.020,A*3B
$GPRMC,055858,A,6016.8339,N,02217.1960,E,0.0,0.0,090425,9.1,E*79
$IIHDM,273.1,M*25
$IIHDG,273.10,9.10,E,,*2D
$IIHDM,273.1,M*25
$IIHDT,282.2,T*28
$IIHDT,282.2,T*28
$GPGGA,055859,6016.8339,N,02217.1960,E,2,12,0.5,6.5,M,18.6,M,,*47
$GPGGA,055858,6016.8339,N,02217.1960,E,2,12,0.5,6.5,M,0.0,M,,*79
$GPGLL,6016.8339,N,02217.1960,E,055858.020,A*3B
$GPRMC,055858,A,6016.8339,N,02217.1960,E,0.0,0.0,090425,9.1,E*79
$GPGLL,6016.8339,N,02217.1960,E,055859.020,A*3A
$GPRMC,055859,A,6016.8339,N,02217.1960,E,0.0,0.0,090425,9.1,E*78
$IIHDM,273.1,M*25
$IIHDG,273.10,9.10,E,,*2D
$IIHDM,273.1,M*25
$IIHDT,282.2,T*28
$IIHDT,282.2,T*28
$GPGGA,055900,6016.8339,N,02217.1960,E,2,12,0.5,6.5,M,18.6,M,,*4A
$GPGGA,055859,6016.8339,N,02217.1960,E,2,12,0.5,6.5,M,0.0,M,,*78
$GPGLL,6016.8339,N,02217.1960,E,055859.020,A*3A
$GPRMC,055859,A,6016.8339,N,02217.1960,E,0.0,0.0,090425,9.1,E*78
$GPGLL,6016.8339,N,02217.1960,E,055900.020,A*37
$GPRMC,055900,A,6016.8339,N,02217.1960,E,0.0,0.0,090425,9.1,E*75
$IIHDM,273.1,M*25
$IIHDG,273.10,9.10,E,,*2D
$IIHDM,273.1,M*25
$IIHDT,282.2,T*28
$IIHDT,282.2,T*28
$GPGGA,055901,6016.8339,N,02217.1960,E,2,12,0.5,6.5,M,18.6,M,,*4B
$GPGGA,055900,6016.8339,N,02217.1960,E,2,12,0.5,6.5,M,0.0,M,,*75
$GPGLL,6016.8339,N,02217.1960,E,055900.020,A*37
$GPRMC,055900,A,6016.8339,N,02217.1960,E,0.0,0.0,090425,9.1,E*75
$GPGLL,6016.8339,N,02217.1960,E,055901.020,A*36
$GPRMC,055901,A,6016.8339,N,02217.1960,E,0.0,0.0,090425,9.1,E*74
!AIVDM,1,1,,A,33L?H900001V7b4RO:Gr<K;p0000,0*0C
!AIVDM,1,1,,A,53L?H9400000tLE0000hDtpTD00000000000001?00j330000540DQhDh00000000000000,0*57
!AIVDM,1,1,,A,B3KK;SP000IPDL8Wpa<02=N00000,0*4D
!AIVDM,1,1,,A,H3KK;SP5848Dhh4000000000000,0*14
!AIVDM,1,1,,A,H3KK;STU0000000?8mlqh000;220,0*20
$IIHDM,273.1,M*25
$IIHDG,273.10,9.10,E,,*2D
$IIHDM,273.1,M*25
$IIHDT,282.2,T*28
$IIHDT,282.2,T*28
$GPGGA,055902,6016.8339,N,02217.1960,E,2,12,0.5,6.6,M,18.6,M,,*4B
$GPGGA,055901,6016.8339,N,02217.1960,E,2,12,0.5,6.5,M,0.0,M,,*74
$GPGLL,6016.8339,N,02217.1960,E,055901.020,A*36
$GPRMC,055901,A,6016.8339,N,02217.1960,E,0.0,0.0,090425,9.1,E*74
$GPGLL,6016.8339,N,02217.1960,E,055902.020,A*35
$GPRMC,055902,A,6016.8339,N,02217.1960,E,0.0,0.0,090425,9.1,E*77
$IIHDM,273.1,M*25
$IIHDG,273.10,9.10,E,,*2D
$IIHDM,273.1,M*25
$IIHDT,282.2,T*28
$IIHDT,282.2,T*28
$GPGGA,055903,6016.8339,N,02217.1960,E,2,12,0.5,6.6,M,18.6,M,,*4A
$GPGGA,055902,6016.8339,N,02217.1960,E,2,12,0.5,6.6,M,0.0,M,,*74
$GPGLL,6016.8339,N,02217.1960,E,055902.020,A*35
$GPRMC,055902,A,6016.8339,N,02217.1960,E,0.0,0.0,090425,9.1,E*77
$GPGLL,6016.8339,N,02217.1960,E,055903.020,A*34
$GPRMC,055903,A,6016.8339,N,02217.1960,E,0.0,0.0,090425,9.1,E*76
!AIVDO,1,1,,A,33L?H900001V7b6RO:Fptc;p0000,0*6F
!AIVDO,1,1,,A,53L?H9400000tLE0000hDtpTD00000000000001?00j330000540DQhDh00000000000000,0*55
!AIVDM,1,1,,A,B3KK;SP000IPDJ`Wp`d02=N00000,0*4A
$GPRMC,055903,A,6016.8339,N,02217.1960,E,0.0,0.0,090425,9.1,E*76
$GPGGA,055903,6016.8331,N,02217.1957,E,2,12,0.5,6.6,M,0.0,M,,*79
$GPGLL,6016.8331,N,02217.1957,E,055903.020,A*38
!AIVDM,1,1,,A,H3KK;SP5848Dhh4000000000000,0*14
!AIVDM,1,1,,A,H3KK;STU0000000?8mlqh000;220,0*20
!AIVDM,1,1,,A,302<HTP0001V?VJRS3rP001p0000,0*42
$IIHDM,273.1,M*25
$IIHDG,273.10,9.10,E,,*2D
$IIHDM,273.1,M*25
$IIHDT,282.2,T*28
$IIHDT,282.2,T*28
$GPGGA,055904,6016.8339,N,02217.1960,E,2,12,0.5,6.6,M,18.6,M,,*4D
$GPGGA,055903,6016.8339,N,02217.1960,E,2,12,0.5,6.6,M,0.0,M,,*75
$GPGLL,6016.8339,N,02217.1960,E,055903.020,A*34
$GPRMC,055903,A,6016.8339,N,02217.1960,E,0.0,0.0,090425,9.1,E*76
$GPGLL,6016.8339,N,02217.1960,E,055904.020,A*33
$GPRMC,055904,A,6016.8339,N,02217.1960,E,0.0,0.0,090425,9.1,E*71
$IIHDM,273.1,M*25
$IIHDG,273.10,9.10,E,,*2D
$IIHDM,273.1,M*25
$IIHDT,282.2,T*28
$IIHDT,282.2,T*28
$GPGGA,055905,6016.8339,N,02217.1960,E,2,12,0.5,6.5,M,18.6,M,,*4F
$GPGGA,055904,6016.8339,N,02217.1960,E,2,12,0.5,6.6,M,0.0,M,,*72
$GPGLL,6016.8339,N,02217.1960,E,055904.020,A*33
$GPRMC,055904,A,6016.8339,N,02217.1960,E,0.0,0.0,090425,9.1,E*71
$GPGLL,6016.8339,N,02217.1960,E,055905.020,A*32
$GPRMC,055905,A,6016.8339,N,02217.1960,E,0.0,0.0,090425,9.1,E*70
$IIHDM,273.1,M*25
$IIHDG,273.10,9.10,E,,*2D
$IIHDM,273.1,M*25
$IIHDT,282.2,T*28
$IIHDT,282.2,T*28
$GPGGA,055906,6016.8339,N,02217.1960,E,2,12,0.5,6.5,M,18.6,M,,*4C
$GPGGA,055905,6016.8339,N,02217.1960,E,2,12,0.5,6.5,M,0.0,M,,*70
$GPGLL,6016.8339,N,02217.1960,E,055905.020,A*32
$GPRMC,055905,A,6016.8339,N,02217.1960,E,0.0,0.0,090425,9.1,E*70
$GPGLL,6016.8339,N,02217.1960,E,055906.020,A*31
$GPRMC,055906,A,6016.8339,N,02217.1960,E,0.0,0.0,090425,9.1,E*73
$IIHDM,273.1,M*25
$IIHDG,273.10,9.10,E,,*2D
$IIHDM,273.1,M*25
$IIHDT,282.2,T*28
$IIHDT,282.2,T*28
$GPGGA,055907,6016.8339,N,02217.1960,E,2,12,0.5,6.5,M,18.6,M,,*4D
$GPGGA,055906,6016.8339,N,02217.1960,E,2,12,0.5,6.5,M,0.0,M,,*73
$GPGLL,6016.8339,N,02217.1960,E,055906.020,A*31
$GPRMC,055906,A,6016.8339,N,02217.1960,E,0.0,0.0,090425,9.1,E*73
$GPGLL,6016.8339,N,02217.1960,E,055907.020,A*30
$GPRMC,055907,A,6016.8339,N,02217.1960,E,0.0,0.0,090425,9.1,E*72
$IIHDG,273.10,9.10,E,,*2D
$IIHDT,282.2,T*28
$IIHDM,273.1,M*25
$IIHDG,273.10,9.10,E,,*2D
$IIHDM,273.1,M*25
$IIHDT,282.2,T*28
$IIHDT,282.2,T*28
$GPGGA,055908,6016.8339,N,02217.1960,E,2,12,0.5,6.6,M,18.6,M,,*41
$GPGGA,055907,6016.8339,N,02217.1960,E,2,12,0.5,6.5,M,0.0,M,,*72
$GPGLL,6016.8339,N,02217.1960,E,055907.020,A*30
$GPRMC,055907,A,6016.8339,N,02217.1960,E,0.0,0.0,090425,9.1,E*72
$GPGLL,6016.8339,N,02217.1960,E,055908.020,A*3F
$GPRMC,055908,A,6016.8339,N,02217.1960,E,0.0,0.0,090425,9.1,E*7D
$IIHDM,273.1,M*25
$IIHDG,273.10,9.10,E,,*2D
$IIHDM,273.1,M*25
$IIHDT,282.2,T*28
$IIHDT,282.2,T*28
$GPGGA,055909,6016.8339,N,02217.1960,E,2,12,0.5,6.5,M,18.6,M,,*43
$GPGGA,055908,6016.8339,N,02217.1960,E,2,12,0.5,6.6,M,0.0,M,,*7E
$GPGLL,6016.8339,N,02217.1960,E,055908.020,A*3F
$GPRMC,055908,A,6016.8339,N,02217.1960,E,0.0,0.0,090425,9.1,E*7D
$GPGLL,6016.8339,N,02217.1960,E,055909.020,A*3E
$GPRMC,055909,A,6016.8339,N,02217.1960,E,0.0,0.0,090425,9.1,E*7C
$IIHDM,273.1,M*25
$IIHDG,273.10,9.10,E,,*2D
$IIHDM,273.1,M*25
$IIHDT,282.2,T*28
$IIHDT,282.2,T*28
$GPGGA,055910,6016.8339,N,02217.1960,E,2,12,0.5,6.5,M,18.6,M,,*4B
$GPGGA,055909,6016.8339,N,02217.1960,E,2,12,0.5,6.5,M,0.0,M,,*7C
$GPGLL,6016.8339,N,02217.1960,E,055909.020,A*3E
$GPRMC,055909,A,6016.8339,N,02217.1960,E,0.0,0.0,090425,9.1,E*7C
$GPGLL,6016.8339,N,02217.1960,E,055910.020,A*36
$GPRMC,055910,A,6016.8339,N,02217.1960,E,0.0,0.0,090425,9.1,E*74
$IIHDG,273.10,9.10,E,,*2D
$IIHDT,282.2,T*28
$IIHDM,273.1,M*25
$IIHDG,273.10,9.10,E,,*2D
$IIHDM,273.1,M*25
$IIHDT,282.2,T*28
$IIHDT,282.2,T*28
$GPGGA,055911,6016.8339,N,02217.1960,E,2,12,0.5,6.4,M,18.6,M,,*4B
$GPGGA,055910,6016.8339,N,02217.1960,E,2,12,0.5,6.5,M,0.0,M,,*74
$GPGLL,6016.8339,N,02217.1960,E,055910.020,A*36
$GPRMC,055910,A,6016.8339,N,02217.1960,E,0.0,0.0,090425,9.1,E*74
$GPGLL,6016.8339,N,02217.1960,E,055911.020,A*37
$GPRMC,055911,A,6016.8339,N,02217.1960,E,0.0,0.0,090425,9.1,E*75
!AIVDM,1,1,,A,33L?H900001V7b6RO:Fptc;p0000,0*6D
!AIVDM,1,1,,A,53L?H9400000tLE0000hDtpTD00000000000001?00j330000540DQhDh00000000000000,0*57
!AIVDM,1,1,,A,B3KK;SP000IPDL8Wpa<02=N00000,0*4D
!AIVDM,1,1,,A,H3KK;SP5848Dhh4000000000000,0*14
!AIVDM,1,1,,A,H3KK;STU0000000?8mlqh000;220,0*20
$IIHDM,273.1,M*25
$IIHDG,273.10,9.10,E,,*2D
$IIHDM,273.1,M*25
$IIHDT,282.2,T*28
$IIHDT,282.2,T*28
$GPGGA,055912,6016.8339,N,02217.1960,E,2,12,0.5,6.3,M,18.6,M,,*4F
$GPGGA,055911,6016.8339,N,02217.1960,E,2,12,0.5,6.4,M,0.0,M,,*74
$GPGLL,6016.8339,N,02217.1960,E,055911.020,A*37
$GPRMC,055911,A,6016.8339,N,02217.1960,E,0.0,0.0,090425,9.1,E*75
$GPGLL,6016.8339,N,02217.1960,E,055912.020,A*34
$GPRMC,055912,A,6016.8339,N,02217.1960,E,0.0,0.0,090425,9.1,E*76
$IIHDM,273.1,M*25
$IIHDG,273.10,9.10,E,,*2D
$IIHDM,273.1,M*25
$IIHDT,282.2,T*28
$IIHDT,282.2,T*28
$GPGGA,055913,6016.8339,N,02217.1960,E,2,12,0.5,6.2,M,18.6,M,,*4F
$GPGGA,055912,6016.8339,N,02217.1960,E,2,12,0.5,6.3,M,0.0,M,,*70
$GPGLL,6016.8339,N,02217.1960,E,055912.020,A*34
$GPRMC,055912,A,6016.8339,N,02217.1960,E,0.0,0.0,090425,9.1,E*76
$GPGLL,6016.8339,N,02217.1960,E,055913.020,A*35
$GPRMC,055913,A,6016.8339,N,02217.1960,E,0.0,0.0,090425,9.1,E*77
$IIHDG,273.10,9.10,E,,*2D
$IIHDT,282.2,T*28
!AIVDO,1,1,,A,33L?H900001V7b:RO:G9t;;p0000,0*73
!AIVDO,1,1,,A,53L?H9400000tLE0000hDtpTD00000000000001?00j330000540DQhDh00000000000000,0*55
!AIVDM,1,1,,A,B3KK;SP000IPDK`Wp`h02=N00000,0*47
$GPRMC,055913,A,6016.8339,N,02217.1960,E,0.0,0.0,090425,9.1,E*77
$GPGGA,055913,6016.8332,N,02217.1959,E,2,12,0.5,6.2,M,0.0,M,,*71
$GPGLL,6016.8332,N,02217.1959,E,055913.020,A*34
!AIVDM,1,1,,A,H3KK;SP5848Dhh4000000000000,0*14
!AIVDM,1,1,,A,H3KK;STU0000000?8mlqh000;220,0*20
!AIVDM,1,1,,A,302<HTP0001V?VNRS3r0001p0000,0*26
$IIHDM,273.1,M*25
$IIHDG,273.10,9.10,E,,*2D
$IIHDM,273.1,M*25
$IIHDT,282.2,T*28
$IIHDT,282.2,T*28
$GPGGA,055914,6016.8339,N,02217.1960,E,2,12,0.5,6.1,M,18.6,M,,*4B
$GPGGA,055913,6016.8339,N,02217.1960,E,2,12,0.5,6.2,M,0.0,M,,*70
$GPGLL,6016.8339,N,02217.1960,E,055913.020,A*35
$GPRMC,055913,A,6016.8339,N,02217.1960,E,0.0,0.0,090425,9.1,E*77
$GPGLL,6016.8339,N,02217.1960,E,055914.020,A*32
$GPRMC,055914,A,6016.8339,N,02217.1960,E,0.0,0.0,090425,9.1,E*70
$IIHDG,273.10,9.10,E,,*2D
$IIHDT,282.2,T*28
$IIHDM,273.1,M*25
$IIHDG,273.10,9.10,E,,*2D
$IIHDM,273.1,M*25
$IIHDT,282.2,T*28
$IIHDT,282.2,T*28
$GPGGA,055915,6016.8339,N,02217.1960,E,2,12,0.5,6.1,M,18.6,M,,*4A
$GPGGA,055914,6016.8339,N,02217.1960,E,2,12,0.5,6.1,M,0.0,M,,*74
$GPGLL,6016.8339,N,02217.1960,E,055914.020,A*32
$GPRMC,055914,A,6016.8339,N,02217.1960,E,0.0,0.0,090425,9.1,E*70
$GPGLL,6016.8339,N,02217.1960,E,055915.020,A*33
$GPRMC,055915,A,6016.8339,N,02217.1960,E,0.0,0.0,090425,9.1,E*71
$IIHDM,273.1,M*25
$IIHDG,273.10,9.10,E,,*2D
$IIHDM,273.1,M*25
$IIHDT,282.2,T*28
$IIHDT,282.2,T*28
$GPGGA,055916,6016.8339,N,02217.1960,E,2,12,0.5,6.0,M,18.6,M,,*48
$GPGGA,055915,6016.8339,N,02217.1960,E,2,12,0.5,6.1,M,0.0,M,,*75
$GPGLL,6016.8339,N,02217.1960,E,055915.020,A*33
$GPRMC,055915,A,6016.8339,N,02217.1960,E,0.0,0.0,090425,9.1,E*71
$GPGLL,6016.8339,N,02217.1960,E,055916.020,A*30
$GPRMC,055916,A,6016.8339,N,02217.1960,E,0.0,0.0,090425,9.1,E*72
$IIHDM,273.1,M*25
$IIHDG,273.10,9.10,E,,*2D
$IIHDM,273.1,M*25
$IIHDT,282.2,T*28
$IIHDT,282.2,T*28
$GPGGA,055917,6016.8339,N,02217.1960,E,2,12,0.5,5.9,M,18.6,M,,*43
$GPGGA,055916,6016.8339,N,02217.1960,E,2,12,0.5,6.0,M,0.0,M,,*77
$GPGLL,6016.8339,N,02217.1960,E,055916.020,A*30
$GPRMC,055916,A,6016.8339,N,02217.1960,E,0.0,0.0,090425,9.1,E*72
$GPGLL,6016.8339,N,02217.1960,E,055917.020,A*31
$GPRMC,055917,A,6016.8339,N,02217.1960,E,0.0,0.0,090425,9.1,E*73
$IIHDM,273.1,M*25
$IIHDG,273.10,9.10,E,,*2D
$IIHDM,273.1,M*25
$IIHDT,282.2,T*28
$IIHDT,282.2,T*28
$GPGGA,055918,6016.8339,N,02217.1960,E,2,12,0.5,5.9,M,18.6,M,,*4C
$GPGGA,055917,6016.8339,N,02217.1960,E,2,12,0.5,5.9,M,0.0,M,,*7C
$GPGLL,6016.8339,N,02217.1960,E,055917.020,A*31
$GPRMC,055917,A,6016.8339,N,02217.1960,E,0.0,0.0,090425,9.1,E*73
$GPGLL,6016.8339,N,02217.1960,E,055918.020,A*3E
$GPRMC,055918,A,6016.8339,N,02217.1960,E,0.0,0.0,090425,9.1,E*7C
$IIHDM,273.2,M*26
$IIHDG,273.20,9.10,E,,*2E
$IIHDM,273.2,M*26
$IIHDT,282.3,T*29
$IIHDT,282.3,T*29
$GPGGA,055919,6016.8339,N,02217.1960,E,2,12,0.5,5.9,M,18.6,M,,*4D
$GPGGA,055918,6016.8339,N,02217.1960,E,2,12,0.5,5.9,M,0.0,M,,*73
$GPGLL,6016.8339,N,02217.1960,E,055918.020,A*3E
$GPRMC,055918,A,6016.8339,N,02217.1960,E,0.0,0.0,090425,9.1,E*7C
$GPGLL,6016.8339,N,02217.1960,E,055919.020,A*3F
$GPRMC,055919,A,6016.8339,N,02217.1960,E,0.0,0.0,090425,9.1,E*7D
$IIHDM,273.2,M*26
$IIHDG,273.20,9.10,E,,*2E
$IIHDM,273.2,M*26
$IIHDT,282.3,T*29
$IIHDT,282.3,T*29
$GPGGA,055920,6016.8339,N,02217.1960,E,2,12,0.5,5.9,M,18.6,M,,*47
$GPGGA,055919,6016.8339,N,02217.1960,E,2,12,0.5,5.9,M,0.0,M,,*72
$GPGLL,6016.8339,N,02217.1960,E,055919.020,A*3F
$GPRMC,055919,A,6016.8339,N,02217.1960,E,0.0,0.0,090425,9.1,E*7D
$GPGLL,6016.8339,N,02217.1960,E,055920.020,A*35
$GPRMC,055920,A,6016.8339,N,02217.1960,E,0.0,0.0,090425,9.1,E*77
$IIHDG,273.20,9.10,E,,*2E
$IIHDM,273.2,M*26
$IIHDG,273.20,9.10,E,,*2E
$IIHDM,273.2,M*26
$IIHDT,282.3,T*29
$IIHDT,282.3,T*29
$GPGGA,055921,6016.8339,N,02217.1960,E,2,12,0.5,5.9,M,18.6,M,,*46
$GPGGA,055920,6016.8339,N,02217.1960,E,2,12,0.5,5.9,M,0.0,M,,*78
$GPGLL,6016.8339,N,02217.1960,E,055920.020,A*35
$GPRMC,055920,A,6016.8339,N,02217.1960,E,0.0,0.0,090425,9.1,E*77
$GPGLL,6016.8339,N,02217.1960,E,055921.020,A*34
$GPRMC,055921,A,6016.8339,N,02217.1960,E,0.0,0.0,090425,9.1,E*76
!AIVDM,1,1,,A,33L?H900001V7b:RO:G9t;;p0000,0*71
!AIVDM,1,1,,A,53L?H9400000tLE0000hDtpTD00000000000001?00j330000540DQhDh00000000000000,0*57
!AIVDM,1,1,,A,B3KK;SP000IPDL8Wpa<02=N00000,0*4D
!AIVDM,1,1,,A,H3KK;SP5848Dhh4000000000000,0*14
!AIVDM,1,1,,A,H3KK;STU0000000?8mlqh000;220,0*20
$IIHDM,273.2,M*26
$IIHDG,273.20,9.10,E,,*2E
$IIHDM,273.2,M*26
$IIHDT,282.3,T*29
$IIHDT,282.3,T*29
$GPGGA,055922,6016.8339,N,02217.1960,E,2,12,0.5,6.0,M,18.6,M,,*4F
$GPGGA,055921,6016.8339,N,02217.1960,E,2,12,0.5,5.9,M,0.0,M,,*79
$GPGLL,6016.8339,N,02217.1960,E,055921.020,A*34
$GPRMC,055921,A,6016.8339,N,02217.1960,E,0.0,0.0,090425,9.1,E*76
$GPGLL,6016.8339,N,02217.1960,E,055922.020,A*37
$GPRMC,055922,A,6016.8339,N,02217.1960,E,0.0,0.0,090425,9.1,E*75
$IIHDM,273.2,M*26
$IIHDG,273.20,9.10,E,,*2E
$IIHDM,273.2,M*26
$IIHDT,282.3,T*29
$IIHDT,282.3,T*29
$GPGGA,055923,6016.8339,N,02217.1960,E,2,12,0.5,6.0,M,18.6,M,,*4E
$GPGGA,055922,6016.8339,N,02217.1960,E,2,12,0.5,6.0,M,0.0,M,,*70
$GPGLL,6016.8339,N,02217.1960,E,055922.020,A*37
$GPRMC,055922,A,6016.8339,N,02217.1960,E,0.0,0.0,090425,9.1,E*75
$GPGLL,6016.8339,N,02217.1960,E,055923.020,A*36
$GPRMC,055923,A,6016.8339,N,02217.1960,E,0.0,0.0,090425,9.1,E*74
!AIVDO,1,1,,A,33L?H900001V7b>RO:GHMK;p0000,0*4F
!AIVDO,1,1,,A,53L?H9400000tLE0000hDtpTD00000000000001?00j330000540DQhDh00000000000000,0*55
!AIVDM,1,1,,A,B3KK;SP000IPDM`Wp`l02=N00000,0*45
$GPRMC,055923,A,6016.8339,N,02217.1960,E,0.0,0.0,090425,9.1,E*74
$GPGGA,055923,6016.8333,N,02217.1963,E,2,12,0.5,6.0,M,0.0,M,,*78
$GPGLL,6016.8333,N,02217.1963,E,055923.020,A*3F
!AIVDM,1,1,,A,H3KK;SP5848Dhh4000000000000,0*14
!AIVDM,1,1,,A,H3KK;STU0000000?8mlqh000;220,0*20
!AIVDM,1,1,,A,302<HTP0001V?VPRS3r0001p0000,0*38
!AIVDM,1,1,,A,33Kvnp0Oh=1U>9VRMoHPpPep0000,0*47
!AIVDM,1,1,,A,53Kvnp400000ta9T000DhDeA840000000000001101R7700007T4Slm5RBw;OS2C33@C3h0,0*35
$IIHDM,273.2,M*26
$IIHDG,273.20,9.10,E,,*2E
$IIHDM,273.2,M*26
$IIHDT,282.3,T*29
$IIHDT,282.3,T*29
$GPGGA,055924,6016.8339,N,02217.1960,E,2,12,0.5,6.1,M,18.6,M,,*48
$GPGGA,055923,6016.8339,N,02217.1960,E,2,12,0.5,6.0,M,0.0,M,,*71
$GPGLL,6016.8339,N,02217.1960,E,055923.020,A*36
$GPRMC,055923,A,6016.8339,N,02217.1960,E,0.0,0.0,090425,9.1,E*74
$GPGLL,6016.8339,N,02217.1960,E,055924.020,A*31
$GPRMC,055924,A,6016.8339,N,02217.1960,E,0.0,0.0,090425,9.1,E*73
$IIHDM,273.2,M*26
$IIHDG,273.20,9.10,E,,*2E
$IIHDM,273.2,M*26
$IIHDT,282.3,T*29
$IIHDT,282.3,T*29
$GPGGA,055925,6016.8339,N,02217.1960,E,2,12,0.5,6.1,M,18.6,M,,*49
$GPGGA,055924,6016.8339,N,02217.1960,E,2,12,0.5,6.1,M,0.0,M,,*77
$GPGLL,6016.8339,N,02217.1960,E,055924.020,A*31
$GPRMC,055924,A,6016.8339,N,02217.1960,E,0.0,0.0,090425,9.1,E*73
$GPGLL,6016.8339,N,02217.1960,E,055925.020,A*30
$GPRMC,055925,A,6016.8339,N,02217.1960,E,0.0,0.0,090425,9.1,E*72
$IIHDM,273.1,M*25
$IIHDG,273.10,9.10,E,,*2D
$IIHDM,273.1,M*25
$IIHDT,282.2,T*28
$IIHDT,282.2,T*28
$GPGGA,055926,6016.8339,N,02217.1960,E,2,12,0.5,6.1,M,18.6,M,,*4A
$GPGGA,055925,6016.8339,N,02217.1960,E,2,12,0.5,6.1,M,0.0,M,,*76
$GPGLL,6016.8339,N,02217.1960,E,055925.020,A*30
$GPRMC,055925,A,6016.8339,N,02217.1960,E,0.0,0.0,090425,9.1,E*72
$GPGLL,6016.8339,N,02217.1960,E,055926.020,A*33
$GPRMC,055926,A,6016.8339,N,02217.1960,E,0.0,0.0,090425,9.1,E*71
$IIHDG,273.10,9.10,E,,*2D
$IIHDT,282.2,T*28
$IIHDM,273.2,M*26
$IIHDG,273.20,9.10,E,,*2E
$IIHDM,273.2,M*26
$IIHDT,282.3,T*29
$IIHDT,282.3,T*29
$GPGGA,055927,6016.8339,N,02217.1960,E,2,12,0.5,6.1,M,18.6,M,,*4B
$GPGGA,055926,6016.8339,N,02217.1960,E,2,12,0.5,6.1,M,0.0,M,,*75
$GPGLL,6016.8339,N,02217.1960,E,055926.020,A*33
$GPRMC,055926,A,6016.8339,N,02217.1960,E,0.0,0.0,090425,9.1,E*71
$GPGLL,6016.8339,N,02217.1960,E,055927.020,A*32
$GPRMC,055927,A,6016.8339,N,02217.1960,E,0.0,0.0,090425,9.1,E*70
$IIHDM,273.1,M*25
$IIHDG,273.10,9.10,E,,*2D
$IIHDM,273.1,M*25
$IIHDT,282.2,T*28
$IIHDT,282.2,T*28
$GPGGA,055928,6016.8339,N,02217.1960,E,2,12,0.5,6.2,M,18.6,M,,*47
$GPGGA,055927,6016.8339,N,02217.1960,E,2,12,0.5,6.1,M,0.0,M,,*74
$GPGLL,6016.8339,N,02217.1960,E,055927.020,A*32
$GPRMC,055927,A,6016.8339,N,02217.1960,E,0.0,0.0,090425,9.1,E*70
$GPGLL,6016.8339,N,02217.1960,E,055928.020,A*3D
$GPRMC,055928,A,6016.8339,N,02217.1960,E,0.0,0.0,090425,9.1,E*7F
$IIHDM,273.2,M*26
$IIHDG,273.20,9.10,E,,*2E
$IIHDM,273.2,M*26
$IIHDT,282.3,T*29
$IIHDT,282.3,T*29
$GPGGA,055929,6016.8339,N,02217.1960,E,2,12,0.5,6.2,M,18.6,M,,*46
$GPGGA,055928,6016.8339,N,02217.1960,E,2,12,0.5,6.2,M,0.0,M,,*78
$GPGLL,6016.8339,N,02217.1960,E,055928.020,A*3D
$GPRMC,055928,A,6016.8339,N,02217.1960,E,0.0,0.0,090425,9.1,E*7F
$GPGLL,6016.8339,N,02217.1960,E,055929.020,A*3C
$GPRMC,055929,A,6016.8339,N,02217.1960,E,0.0,0.0,090425,9.1,E*7E
$IIHDM,273.2,M*26
$IIHDG,273.20,9.10,E,,*2E
$IIHDM,273.2,M*26
$IIHDT,282.3,T*29
$IIHDT,282.3,T*29
$GPGGA,055930,6016.8339,N,02217.1960,E,2,12,0.5,6.2,M,18.6,M,,*4E
$GPGGA,055929,6016.8339,N,02217.1960,E,2,12,0.5,6.2,M,0.0,M,,*79
$GPGLL,6016.8339,N,02217.1960,E,055929.020,A*3C
$GPRMC,055929,A,6016.8339,N,02217.1960,E,0.0,0.0,090425,9.1,E*7E
$GPGLL,6016.8339,N,02217.1960,E,055930.020,A*34
$GPRMC,055930,A,6016.8339,N,02217.1960,E,0.0,0.0,090425,9.1,E*76
$IIHDG,273.20,9.10,E,,*2E
$IIHDT,282.3,T*29
$IIHDM,273.2,M*26
$IIHDG,273.20,9.10,E,,*2E
$IIHDM,273.2,M*26
$IIHDT,282.3,T*29
$IIHDT,282.3,T*29
$GPGGA,055931,6016.8339,N,02217.1960,E,2,12,0.5,6.3,M,18.6,M,,*4E
$GPGGA,055930,6016.8339,N,02217.1960,E,2,12,0.5,6.2,M,0.0,M,,*71
$GPGLL,6016.8339,N,02217.1960,E,055930.020,A*34
$GPRMC,055930,A,6016.8339,N,02217.1960,E,0.0,0.0,090425,9.1,E*76
$GPGLL,6016.8339,N,02217.1960,E,055931.020,A*35
$GPRMC,055931,A,6016.8339,N,02217.1960,E,0.0,0.0,090425,9.1,E*77
!AIVDM,1,1,,A,33L?H900001V7b>RO:GHMK;p0000,0*4D
!AIVDM,1,1,,A,53L?H9400000tLE0000hDtpTD00000000000001?00j330000540DQhDh00000000000000,0*57
!AIVDM,1,1,,A,B3KK;SP000IPDL8Wpa<02=N00000,0*4D
!AIVDM,1,1,,A,H3KK;SP5848Dhh4000000000000,0*14
!AIVDM,1,1,,A,H3KK;STU0000000?8mlqh000;220,0*20
!AIVDM,1,1,,A,B3KI>tP000IQks`Wk1njswv00000,0*54
!AIVDM,1,1,,A,H3KI>tPM84pB0h4AT0000000000,0*4F
!AIVDM,1,1,,A,H3KI>tT00000000?7qkoo0000000,0*63
$IIHDM,273.2,M*26
$IIHDG,273.20,9.10,E,,*2E
$IIHDM,273.2,M*26
$IIHDT,282.3,T*29
$IIHDT,282.3,T*29
$GPGGA,055932,6016.8339,N,02217.1960,E,2,12,0.5,6.3,M,18.6,M,,*4D
$GPGGA,055931,6016.8339,N,02217.1960,E,2,12,0.5,6.3,M,0.0,M,,*71
$GPGLL,6016.8339,N,02217.1960,E,055931.020,A*35
$GPRMC,055931,A,6016.8339,N,02217.1960,E,0.0,0.0,090425,9.1,E*77
$GPGLL,6016.8339,N,02217.1960,E,055932.020,A*36
$GPRMC,055932,A,6016.8339,N,02217.1960,E,0.0,0.0,090425,9.1,E*74
$IIHDM,273.2,M*26
$IIHDG,273.20,9.10,E,,*2E
$IIHDM,273.2,M*26
$IIHDT,282.3,T*29
$IIHDT,282.3,T*29
$GPGGA,055933,6016.8339,N,02217.1960,E,2,12,0.5,6.4,M,18.6,M,,*4B
$GPGGA,055932,6016.8339,N,02217.1960,E,2,12,0.5,6.3,M,0.0,M,,*72
$GPGLL,6016.8339,N,02217.1960,E,055932.020,A*36
$GPRMC,055932,A,6016.8339,N,02217.1960,E,0.0,0.0,090425,9.1,E*74
$GPGLL,6016.8339,N,02217.1960,E,055933.020,A*37
$GPRMC,055933,A,6016.8339,N,02217.1960,E,0.0,0.0,090425,9.1,E*75
!AIVDO,1,1,,A,33L?H900001V7b:RO:Gpus;p0000,0*73
!AIVDO,1,1,,A,53L?H9400000tLE0000hDtpTD00000000000001?00j330000540DQhDh00000000000000,0*55
!AIVDM,1,1,,A,B3KK;SP000IPDO`Wp`l02=N00000,0*47
$GPRMC,055933,A,6016.8339,N,02217.1960,E,0.0,0.0,090425,9.1,E*75
$GPGGA,055933,6016.8333,N,02217.1967,E,2,12,0.5,6.4,M,0.0,M,,*79
$GPGLL,6016.8333,N,02217.1967,E,055933.020,A*3A
!AIVDM,1,1,,A,H3KK;SP5848Dhh4000000000000,0*14
!AIVDM,1,1,,A,H3KK;STU0000000?8mlqh000;220,0*20
!AIVDM,1,1,,A,302<HTP0001V?VPRS3qh001p0000,0*63
!AIVDM,1,1,,A,33Kvnp0Oh=1U>9fRMoI0pPep0000,0*16
!AIVDM,1,1,,A,53Kvnp400000ta9T000DhDeA840000000000001101R7700007T4Slm5RBw;OS2C33@C3h0,0*35
!AIVDM,1,1,,A,B3KI>tP000IQks`Wk1njswv00000,0*54
!AIVDM,1,1,,A,H3KI>tPM84pB0h4AT0000000000,0*4F
!AIVDM,1,1,,A,H3KI>tTU0000000?7qkoo000?220,0*09
$IIHDM,273.2,M*26
$IIHDG,273.20,9.10,E,,*2E
$IIHDM,273.2,M*26
$IIHDT,282.3,T*29
$IIHDT,282.3,T*29
$GPGGA,055934,6016.8339,N,02217.1960,E,2,12,0.5,6.4,M,18.6,M,,*4C
$GPGGA,055933,6016.8339,N,02217.1960,E,2,12,0.5,6.4,M,0.0,M,,*74
$GPGLL,6016.8339,N,02217.1960,E,055933.020,A*37
$GPRMC,055933,A,6016.8339,N,02217.1960,E,0.0,0.0,090425,9.1,E*75
$GPGLL,6016.8339,N,02217.1960,E,055934.020,A*30
$GPRMC,055934,A,6016.8339,N,02217.1960,E,0.0,0.0,090425,9.1,E*72
$IIHDM,273.2,M*26
$IIHDG,273.20,9.10,E,,*2E
$IIHDM,273.2,M*26
$IIHDT,282.3,T*29
$IIHDT,282.3,T*29
$GPGGA,055935,6016.8339,N,02217.1960,E,2,12,0.5,6.4,M,18.6,M,,*4D
$GPGGA,055934,6016.8339,N,02217.1960,E,2,12,0.5,6.4,M,0.0,M,,*73
$GPGLL,6016.8339,N,02217.1960,E,055934.020,A*30
$GPRMC,055934,A,6016.8339,N,02217.1960,E,0.0,0.0,090425,9.1,E*72
$GPGLL,6016.8339,N,02217.1960,E,055935.020,A*31
$GPRMC,055935,A,6016.8339,N,02217.1960,E,0.0,0.0,090425,9.1,E*73
$IIHDM,273.2,M*26
$IIHDG,273.20,9.10,E,,*2E
$IIHDM,273.2,M*26
$IIHDT,282.3,T*29
$IIHDT,282.3,T*29
$GPGGA,055936,6016.8339,N,02217.1960,E,2,12,0.5,6.4,M,18.6,M,,*4E
$GPGGA,055935,6016.8339,N,02217.1960,E,2,12,0.5,6.4,M,0.0,M,,*72
$GPGLL,6016.8339,N,02217.1960,E,055935.020,A*31
$GPRMC,055935,A,6016.8339,N,02217.1960,E,0.0,0.0,090425,9.1,E*73
$GPGLL,6016.8339,N,02217.1960,E,055936.020,A*32
$GPRMC,055936,A,6016.8339,N,02217.1960,E,0.0,0.0,090425,9.1,E*70
$IIHDM,273.2,M*26
$IIHDG,273.20,9.10,E,,*2E
$IIHDM,273.2,M*26
$IIHDT,282.3,T*29
$IIHDT,282.3,T*29
$GPGGA,055937,6016.8339,N,02217.1960,E,2,12,0.5,6.4,M,18.6,M,,*4F
$GPGGA,055936,6016.8339,N,02217.1960,E,2,12,0.5,6.4,M,0.0,M,,*71
$GPGLL,6016.8339,N,02217.1960,E,055936.020,A*32
$GPRMC,055936,A,6016.8339,N,02217.1960,E,0.0,0.0,090425,9.1,E*70
$GPGLL,6016.8339,N,02217.1960,E,055937.020,A*33
$GPRMC,055937,A,6016.8339,N,02217.1960,E,0.0,0.0,090425,9.1,E*71
$IIHDM,273.2,M*26
$IIHDG,273.20,9.10,E,,*2E
$IIHDM,273.2,M*26
$IIHDT,282.3,T*29
$IIHDT,282.3,T*29
$GPGGA,055938,6016.8339,N,02217.1960,E,2,12,0.5,6.4,M,18.6,M,,*40
$GPGGA,055937,6016.8339,N,02217.1960,E,2,12,0.5,6.4,M,0.0,M,,*70
$GPGLL,6016.8339,N,02217.1960,E,055937.020,A*33
$GPRMC,055937,A,6016.8339,N,02217.1960,E,0.0,0.0,090425,9.1,E*71
$GPGLL,6016.8339,N,02217.1960,E,055938.020,A*3C
$GPRMC,055938,A,6016.8339,N,02217.1960,E,0.0,0.0,090425,9.1,E*7E
$IIHDM,273.2,M*26
$IIHDG,273.20,9.10,E,,*2E
$IIHDM,273.2,M*26
$IIHDT,282.3,T*29
$IIHDT,282.3,T*29
$GPGGA,055939,6016.8339,N,02217.1960,E,2,12,0.5,6.4,M,18.6,M,,*41
$GPGGA,055938,6016.8339,N,02217.1960,E,2,12,0.5,6.4,M,0.0,M,,*7F
$GPGLL,6016.8339,N,02217.1960,E,055938.020,A*3C
$GPRMC,055938,A,6016.8339,N,02217.1960,E,0.0,0.0,090425,9.1,E*7E
$GPGLL,6016.8339,N,02217.1960,E,055939.020,A*3D
$GPRMC,055939,A,6016.8339,N,02217.1960,E,0.0,0.0,090425,9.1,E*7F
$IIHDM,273.2,M*26
$IIHDG,273.20,9.10,E,,*2E
$IIHDM,273.2,M*26
$IIHDT,282.3,T*29
$IIHDT,282.3,T*29
$GPGGA,055940,6016.8339,N,02217.1960,E,2,12,0.5,6.4,M,18.6,M,,*4F
$GPGGA,055939,6016.8339,N,02217.1960,E,2,12,0.5,6.4,M,0.0,M,,*7E
$GPGLL,6016.8339,N,02217.1960,E,055939.020,A*3D
$GPRMC,055939,A,6016.8339,N,02217.1960,E,0.0,0.0,090425,9.1,E*7F
$GPGLL,6016.8339,N,02217.1960,E,055940.020,A*33
$GPRMC,055940,A,6016.8339,N,02217.1960,E,0.0,0.0,090425,9.1,E*71
$IIHDM,273.1,M*25
$IIHDG,273.10,9.10,E,,*2D
$IIHDM,273.1,M*25
$IIHDT,282.2,T*28
$IIHDT,282.2,T*28
$GPGGA,055941,6016.8339,N,02217.1960,E,2,12,0.5,6.4,M,18.6,M,,*4E
$GPGGA,055940,6016.8339,N,02217.1960,E,2,12,0.5,6.4,M,0.0,M,,*70
$GPGLL,6016.8339,N,02217.1960,E,055940.020,A*33
$GPRMC,055940,A,6016.8339,N,02217.1960,E,0.0,0.0,090425,9.1,E*71
$GPGLL,6016.8339,N,02217.1960,E,055941.020,A*32
$GPRMC,055941,A,6016.8339,N,02217.1960,E,0.0,0.0,090425,9.1,E*70
!AIVDM,1,1,,A,33L?H900001V7b:RO:Gpus;p0000,0*71
!AIVDM,1,1,,A,53L?H9400000tLE0000hDtpTD00000000000001?00j330000540DQhDh00000000000000,0*57
!AIVDM,1,1,,A,B3KK;SP000IPDL8Wpa<02=N00000,0*4D
!AIVDM,1,1,,A,H3KK;SP5848Dhh4000000000000,0*14
!AIVDM,1,1,,A,H3KK;STU0000000?8mlqh000;220,0*20
!AIVDM,1,1,,A,33c2Rb5P@01V2R<RO`o9a75p0000,0*51
!AIVDM,1,1,,A,53c2Rb4000010@94001LE=@8u8L000000000001601I660000:1RD0DP000000000000000,0*33
!AIVDM,1,1,,A,B3KI>tP000IQks`Wk1njswv00000,0*54
!AIVDM,1,1,,A,H3KI>tPM84pB0h4AT0000000000,0*4F
!AIVDM,1,1,,A,H3KI>tTU0000000?7qkoo000?220,0*09
$IIHDM,273.1,M*25
$IIHDG,273.10,9.10,E,,*2D
$IIHDM,273.1,M*25
$IIHDT,282.2,T*28
$IIHDT,282.2,T*28
$GPGGA,055942,6016.8339,N,02217.1960,E,2,12,0.5,6.4,M,18.6,M,,*4D
$GPGGA,055941,6016.8339,N,02217.1960,E,2,12,0.5,6.4,M,0.0,M,,*71
$GPGLL,6016.8339,N,02217.1960,E,055941.020,A*32
$GPRMC,055941,A,6016.8339,N,02217.1960,E,0.0,0.0,090425,9.1,E*70
$GPGLL,6016.8339,N,02217.1960,E,055942.020,A*31
$GPRMC,055942,A,6016.8339,N,02217.1960,E,0.0,0.0,090425,9.1,E*73
$IIHDG,273.10,9.10,E,,*2D
$IIHDT,282.2,T*28
$IIHDM,273.1,M*25
$IIHDG,273.10,9.10,E,,*2D
$IIHDM,273.1,M*25
$IIHDT,282.2,T*28
$IIHDT,282.2,T*28
$GPGGA,055943,6016.8339,N,02217.1960,E,2,12,0.5,6.4,M,18.6,M,,*4C
$GPGGA,055942,6016.8339,N,02217.1960,E,2,12,0.5,6.4,M,0.0,M,,*72
$GPGLL,6016.8339,N,02217.1960,E,055942.020,A*31
$GPRMC,055942,A,6016.8339,N,02217.1960,E,0.0,0.0,090425,9.1,E*73
$GPGLL,6016.8339,N,02217.1960,E,055943.020,A*30
$GPRMC,055943,A,6016.8339,N,02217.1960,E,0.0,0.0,090425,9.1,E*72
!AIVDO,1,1,,A,33L?H900001V7b@RO:H8gs;p0000,0*5C
!AIVDO,1,1,,A,53L?H9400000tLE0000hDtpTD00000000000001?00j330000540DQhDh00000000000000,0*55
!AIVDM,1,1,,A,B3KK;SP000IPDO`Wp`p02=N00000,0*5B
$GPRMC,055943,A,6016.8339,N,02217.1960,E,0.0,0.0,090425,9.1,E*72
$GPGGA,055943,6016.8334,N,02217.1967,E,2,12,0.5,6.4,M,0.0,M,,*79
$GPGLL,6016.8334,N,02217.1967,E,055943.020,A*3A
!AIVDM,1,1,,A,H3KK;SP5848Dhh4000000000000,0*14
!AIVDM,1,1,,A,H3KK;STU0000000?8mlqh000;220,0*20
!AIVDM,1,1,,A,302<HTP0001V?VTRS3q0001p0000,0*3F
!AIVDM,1,1,,A,33c2Rb5P@01V2R<RO`o9a75p0000,0*51
!AIVDM,1,1,,A,53c2Rb4000010@94001LE=@8u8L000000000001601I660000:1RD0DP000000000000000,0*33
$IIHDM,273.1,M*25
$IIHDG,273.10,9.10,E,,*2D
$IIHDM,273.1,M*25
$IIHDT,282.2,T*28
$IIHDT,282.2,T*28
$GPGGA,055944,6016.8339,N,02217.1960,E,2,12,0.5,6.4,M,18.6,M,,*4B
$GPGGA,055943,6016.8339,N,02217.1960,E,2,12,0.5,6.4,M,0.0,M,,*73
$GPGLL,6016.8339,N,02217.1960,E,055943.020,A*30
$GPRMC,055943,A,6016.8339,N,02217.1960,E,0.0,0.0,090425,9.1,E*72
$GPGLL,6016.8339,N,02217.1960,E,055944.020,A*37
$GPRMC,055944,A,6016.8339,N,02217.1960,E,0.0,0.0,090425,9.1,E*75
$IIHDM,273.1,M*25
$IIHDG,273.10,9.10,E,,*2D
$IIHDM,273.1,M*25
$IIHDT,282.2,T*28
$IIHDT,282.2,T*28
$GPGGA,055945,6016.8339,N,02217.1960,E,2,12,0.5,6.4,M,18.6,M,,*4A
$GPGGA,055944,6016.8339,N,02217.1960,E,2,12,0.5,6.4,M,0.0,M,,*74
$GPGLL,6016.8339,N,02217.1960,E,055944.020,A*37
$GPRMC,055944,A,6016.8339,N,02217.1960,E,0.0,0.0,090425,9.1,E*75
$GPGLL,6016.8339,N,02217.1960,E,055945.020,A*36
$GPRMC,055945,A,6016.8339,N,02217.1960,E,0.0,0.0,090425,9.1,E*74
$IIHDM,273.1,M*25
$IIHDG,273.10,9.10,E,,*2D
$IIHDM,273.1,M*25
$IIHDT,282.2,T*28
$IIHDT,282.2,T*28
$GPGGA,055946,6016.8339,N,02217.1960,E,2,12,0.5,6.4,M,18.6,M,,*49
$GPGGA,055945,6016.8339,N,02217.1960,E,2,12,0.5,6.4,M,0.0,M,,*75
$GPGLL,6016.8339,N,02217.1960,E,055945.020,A*36
$GPRMC,055945,A,6016.8339,N,02217.1960,E,0.0,0.0,090425,9.1,E*74
$GPGLL,6016.8339,N,02217.1960,E,055946.020,A*35
$GPRMC,055946,A,6016.8339,N,02217.1960,E,0.0,0.0,090425,9.1,E*77
$IIHDM,273.1,M*25
$IIHDG,273.10,9.10,E,,*2D
$IIHDM,273.1,M*25
$IIHDT,282.2,T*28
$IIHDT,282.2,T*28
$GPGGA,055947,6016.8339,N,02217.1960,E,2,12,0.5,6.5,M,18.6,M,,*49
$GPGGA,055946,6016.8339,N,02217.1960,E,2,12,0.5,6.4,M,0.0,M,,*76
$GPGLL,6016.8339,N,02217.1960,E,055946.020,A*35
$GPRMC,055946,A,6016.8339,N,02217.1960,E,0.0,0.0,090425,9.1,E*77
$GPGLL,6016.8339,N,02217.1960,E,055947.020,A*34
$GPRMC,055947,A,6016.8339,N,02217.1960,E,0.0,0.0,090425,9.1,E*76
$IIHDM,273.1,M*25
$IIHDG,273.10,9.10,E,,*2D
$IIHDM,273.1,M*25
$IIHDT,282.2,T*28
$IIHDT,282.2,T*28
$GPGGA,055948,6016.8339,N,02217.1960,E,2,12,0.5,6.5,M,18.6,M,,*46
$GPGGA,055947,6016.8339,N,02217.1960,E,2,12,0.5,6.5,M,0.0,M,,*76
$GPGLL,6016.8339,N,02217.1960,E,055947.020,A*34
$GPRMC,055947,A,6016.8339,N,02217.1960,E,0.0,0.0,090425,9.1,E*76
$GPGLL,6016.8339,N,02217.1960,E,055948.020,A*3B
$GPRMC,055948,A,6016.8339,N,02217.1960,E,0.0,0.0,090425,9.1,E*79
$IIHDM,273.1,M*25
$IIHDG,273.10,9.10,E,,*2D
$IIHDM,273.1,M*25
$IIHDT,282.2,T*28
$IIHDT,282.2,T*28
$GPGGA,055949,6016.8339,N,02217.1960,E,2,12,0.5,6.6,M,18.6,M,,*44
$GPGGA,055948,6016.8339,N,02217.1960,E,2,12,0.5,6.5,M,0.0,M,,*79
$GPGLL,6016.8339,N,02217.1960,E,055948.020,A*3B
$GPRMC,055948,A,6016.8339,N,02217.1960,E,0.0,0.0,090425,9.1,E*79
$GPGLL,6016.8339,N,02217.1960,E,055949.020,A*3A
$GPRMC,055949,A,6016.8339,N,02217.1960,E,0.0,0.0,090425,9.1,E*78
$IIHDM,273.1,M*25
$IIHDG,273.10,9.10,E,,*2D
$IIHDM,273.1,M*25
$IIHDT,282.2,T*28
$IIHDT,282.2,T*28
$GPGGA,055950,6016.8339,N,02217.1960,E,2,12,0.5,6.6,M,18.6,M,,*4C
$GPGGA,055949,6016.8339,N,02217.1960,E,2,12,0.5,6.6,M,0.0,M,,*7B
$GPGLL,6016.8339,N,02217.1960,E,055949.020,A*3A
$GPRMC,055949,A,6016.8339,N,02217.1960,E,0.0,0.0,090425,9.1,E*78
$GPGLL,6016.8339,N,02217.1960,E,055950.020,A*32
$GPRMC,055950,A,6016.8339,N,02217.1960,E,0.0,0.0,090425,9.1,E*70
$IIHDM,273.1,M*25
$IIHDG,273.10,9.10,E,,*2D
$IIHDM,273.1,M*25
$IIHDT,282.2,T*28
$IIHDT,282.2,T*28
$GPGGA,055951,6016.8339,N,02217.1960,E,2,12,0.5,6.6,M,18.6,M,,*4D
$GPGGA,055950,6016.8339,N,02217.1960,E,2,12,0.5,6.6,M,0.0,M,,*73
$GPGLL,6016.8339,N,02217.1960,E,055950.020,A*32
$GPRMC,055950,A,6016.8339,N,02217.1960,E,0.0,0.0,090425,9.1,E*70
$GPGLL,6016.8339,N,02217.1960,E,055951.020,A*33
$GPRMC,055951,A,6016.8339,N,02217.1960,E,0.0,0.0,090425,9.1,E*71
$IIHDG,273.10,9.10,E,,*2D
$IIHDT,282.2,T*28
!AIVDM,1,1,,A,33L?H900001V7b@RO:H8gs;p0000,0*5E
!AIVDM,1,1,,A,53L?H9400000tLE0000hDtpTD00000000000001?00j330000540DQhDh00000000000000,0*57
!AIVDM,1,1,,A,B3KKRhP000IQNp``1hgQ3wv00000,0*46
!AIVDM,1,1,,A,H3KKRhPl5@Th@40000000000000,0*56
!AIVDM,1,1,,A,H3KKRhTU0000000?8nhkk000;220,0*6C
!AIVDM,1,1,,A,B3KK;SP000IPDL8Wpa<02=N00000,0*4D
!AIVDM,1,1,,A,H3KK;SP5848Dhh4000000000000,0*14
!AIVDM,1,1,,A,H3KK;STU0000000?8mlqh000;220,0*20
!AIVDM,1,1,,A,33c2Rb5P@01V2R<RO`o9a75p0000,0*51
!AIVDM,1,1,,A,53c2Rb4000010@94001LE=@8u8L000000000001601I660000:1RD0DP000000000000000,0*33
$IIHDM,273.1,M*25
$IIHDG,273.10,9.10,E,,*2D
$IIHDM,273.1,M*25
$IIHDT,282.2,T*28
$IIHDT,282.2,T*28
$GPGGA,055952,6016.8339,N,02217.1960,E,2,12,0.5,6.7,M,18.6,M,,*4F
$GPGGA,055951,6016.8339,N,02217.1960,E,2,12,0.5,6.6,M,0.0,M,,*72
$GPGLL,6016.8339,N,02217.1960,E,055951.020,A*33
$GPRMC,055951,A,6016.8339,N,02217.1960,E,0.0,0.0,090425,9.1,E*71
$GPGLL,6016.8339,N,02217.1960,E,055952.020,A*30
$GPRMC,055952,A,6016.8339,N,02217.1960,E,0.0,0.0,090425,9.1,E*72
$IIHDG,273.10,9.10,E,,*2D
$IIHDT,282.2,T*28
$IIHDM,273.1,M*25
$IIHDG,273.10,9.10,E,,*2D
$IIHDM,273.1,M*25
$IIHDT,282.2,T*28
$IIHDT,282.2,T*28
$GPGGA,055953,6016.8339,N,02217.1960,E,2,12,0.5,6.7,M,18.6,M,,*4E
$GPGGA,055952,6016.8339,N,02217.1960,E,2,12,0.5,6.7,M,0.0,M,,*70
$GPGLL,6016.8339,N,02217.1960,E,055952.020,A*30
$GPRMC,055952,A,6016.8339,N,02217.1960,E,0.0,0.0,090425,9.1,E*72
$GPGLL,6016.8339,N,02217.1960,E,055953.020,A*31
$GPRMC,055953,A,6016.8339,N,02217.1960,E,0.0,0.0,090425,9.1,E*73
$IIHDG,273.10,9.10,E,,*2D
$IIHDT,282.2,T*28
!AIVDO,1,1,,A,33L?H900001V7b>RO:H8O;;p0000,0*42
!AIVDO,1,1,,A,53L?H9400000tLE0000hDtpTD00000000000001?00j330000540DQhDh00000000000000,0*55
!AIVDM,1,1,,A,B3KKRhP000IQNp``1hgQ3wv00000,0*46
!AIVDM,1,1,,A,H3KKRhPl5@Th@40000000000000,0*56
!AIVDM,1,1,,A,H3KKRhTU0000000?8nhkk000;220,0*6C
!AIVDM,1,1,,A,B3KK;SP000IPDP8Wp`t02=N00000,0*18
$GPRMC,055953,A,6016.8339,N,02217.1960,E,0.0,0.0,090425,9.1,E*73
$GPGGA,055953,6016.8335,N,02217.1968,E,2,12,0.5,6.7,M,0.0,M,,*75
$GPGLL,6016.8335,N,02217.1968,E,055953.020,A*35
!AIVDM,1,1,,A,H3KK;SP5848Dhh4000000000000,0*14
!AIVDM,1,1,,A,H3KK;STU0000000?8mlqh000;220,0*20
!AIVDM,1,1,,A,302<HTP0001V?V`RS3q0001p0000,0*0B
!AIVDM,1,1,,A,33K`MB50001V31dROabkNakp0000,0*47
!AIVDM,1,1,,A,53K`MB400000tLtD001H58l4000000000000000l000000000:1RD0DP000000000000000,0*41
$IIHDM,273.1,M*25
$IIHDG,273.10,9.10,E,,*2D
$IIHDM,273.1,M*25
$IIHDT,282.2,T*28
$IIHDT,282.2,T*28
$GPGGA,055954,6016.8339,N,02217.1960,E,2,12,0.5,6.8,M,18.6,M,,*46
$GPGGA,055953,6016.8339,N,02217.1960,E,2,12,0.5,6.7,M,0.0,M,,*71
$GPGLL,6016.8339,N,02217.1960,E,055953.020,A*31
$GPRMC,055953,A,6016.8339,N,02217.1960,E,0.0,0.0,090425,9.1,E*73
$GPGLL,6016.8339,N,02217.1960,E,055954.020,A*36
$GPRMC,055954,A,6016.8339,N,02217.1960,E,0.0,0.0,090425,9.1,E*74
$IIHDM,273.1,M*25
$IIHDG,273.10,9.10,E,,*2D
$IIHDM,273.1,M*25
$IIHDT,282.2,T*28
$IIHDT,282.2,T*28
$GPGGA,055955,6016.8339,N,02217.1960,E,2,12,0.5,6.9,M,18.6,M,,*46
$GPGGA,055954,6016.8339,N,02217.1960,E,2,12,0.5,6.8,M,0.0,M,,*79
$GPGLL,6016.8339,N,02217.1960,E,055954.020,A*36
$GPRMC,055954,A,6016.8339,N,02217.1960,E,0.0,0.0,090425,9.1,E*74
$GPGLL,6016.8339,N,02217.1960,E,055955.020,A*37
$GPRMC,055955,A,6016.8339,N,02217.1960,E,0.0,0.0,090425,9.1,E*75
$IIHDM,273.1,M*25
$IIHDG,273.10,9.10,E,,*2D
$IIHDM,273.1,M*25
$IIHDT,282.2,T*28
$IIHDT,282.2,T*28
$GPGGA,055956,6016.8339,N,02217.1960,E,2,12,0.5,6.9,M,18.6,M,,*45
$GPGGA,055955,6016.8339,N,02217.1960,E,2,12,0.5,6.9,M,0.0,M,,*79
$GPGLL,6016.8339,N,02217.1960,E,055955.020,A*37
$GPRMC,055955,A,6016.8339,N,02217.1960,E,0.0,0.0,090425,9.1,E*75
$GPGLL,6016.8339,N,02217.1960,E,055956.020,A*34
$GPRMC,055956,A,6016.8339,N,02217.1960,E,0.0,0.0,090425,9.1,E*76
$IIHDM,273.1,M*25
$IIHDG,273.10,9.10,E,,*2D
$IIHDM,273.1,M*25
$IIHDT,282.2,T*28
$IIHDT,282.2,T*28
$GPGGA,055957,6016.8339,N,02217.1960,E,2,12,0.5,6.9,M,18.6,M,,*44
$GPGGA,055956,6016.8339,N,02217.1960,E,2,12,0.5,6.9,M,0.0,M,,*7A
$GPGLL,6016.8339,N,02217.1960,E,055956.020,A*34
$GPRMC,055956,A,6016.8339,N,02217.1960,E,0.0,0.0,090425,9.1,E*76
$GPGLL,6016.8339,N,02217.1960,E,055957.020,A*35
$GPRMC,055957,A,6016.8339,N,02217.1960,E,0.0,0.0,090425,9.1,E*77
$IIHDM,273.1,M*25
$IIHDG,273.10,9.10,E,,*2D
$IIHDM,273.1,M*25
$IIHDT,282.2,T*28
$IIHDT,282.2,T*28
$GPGGA,055958,6016.8339,N,02217.1960,E,2,12,0.5,7.0,M,18.6,M,,*43
$GPGGA,055957,6016.8339,N,02217.1960,E,2,12,0.5,6.9,M,0.0,M,,*7B
$GPGLL,6016.8339,N,02217.1960,E,055957.020,A*35
$GPRMC,055957,A,6016.8339,N,02217.1960,E,0.0,0.0,090425,9.1,E*77
$GPGLL,6016.8339,N,02217.1960,E,055958.020,A*3A
$GPRMC,055958,A,6016.8339,N,02217.1960,E,0.0,0.0,090425,9.1,E*78
$IIHDM,273.1,M*25
$IIHDG,273.10,9.10,E,,*2D
$IIHDM,273.1,M*25
$IIHDT,282.2,T*28
$IIHDT,282.2,T*28
$GPGGA,055959,6016.8339,N,02217.1960,E,2,12,0.5,7.0,M,18.6,M,,*42
$GPGGA,055958,6016.8339,N,02217.1960,E,2,12,0.5,7.0,M,0.0,M,,*7C
$GPGLL,6016.8339,N,02217.1960,E,055958.020,A*3A
$GPRMC,055958,A,6016.8339,N,02217.1960,E,0.0,0.0,090425,9.1,E*78
$GPGLL,6016.8339,N,02217.1960,E,055959.020,A*3B
$GPRMC,055959,A,6016.8339,N,02217.1960,E,0.0,0.0,090425,9.1,E*79
$IIHDM,273.1,M*25
$IIHDG,273.10,9.10,E,,*2D
$IIHDM,273.1,M*25
$IIHDT,282.2,T*28
$IIHDT,282.2,T*28
$GPGGA,060000,6016.8339,N,02217.1960,E,2,12,0.5,7.1,M,18.6,M,,*40
$GPGGA,055959,6016.8339,N,02217.1960,E,2,12,0.5,7.0,M,0.0,M,,*7D
$GPGLL,6016.8339,N,02217.1960,E,055959.020,A*3B
$GPRMC,055959,A,6016.8339,N,02217.1960,E,0.0,0.0,090425,9.1,E*79
$GPGLL,6016.8339,N,02217.1960,E,060000.020,A*38
$GPRMC,060000,A,6016.8339,N,02217.1960,E,0.0,0.0,090425,9.1,E*7A
$IIHDM,273.1,M*25
$IIHDG,273.10,9.10,E,,*2D
$IIHDM,273.1,M*25
$IIHDT,282.2,T*28
$IIHDT,282.2,T*28
$GPGGA,060001,6016.8339,N,02217.1960,E,2,12,0.5,7.1,M,18.6,M,,*41
$GPGGA,060000,6016.8339,N,02217.1960,E,2,12,0.5,7.1,M,0.0,M,,*7F
$GPGLL,6016.8339,N,02217.1960,E,060000.020,A*38
$GPRMC,060000,A,6016.8339,N,02217.1960,E,0.0,0.0,090425,9.1,E*7A
$GPGLL,6016.8339,N,02217.1960,E,060001.020,A*39
$GPRMC,060001,A,6016.8339,N,02217.1960,E,0.0,0.0,090425,9.1,E*7B
!AIVDM,1,1,,A,33L?H900001V7b>RO:H8O;;p0000,0*40
!AIVDM,1,1,,A,53L?H9400000tLE0000hDtpTD00000000000001?00j330000540DQhDh00000000000000,0*57
!AIVDM,1,1,,A,B3KKRhP000IQNp``1hgQ3wv00000,0*46
!AIVDM,1,1,,A,H3KKRhPl5@Th@40000000000000,0*56
!AIVDM,1,1,,A,H3KKRhTU0000000?8nhkk000;220,0*6C
!AIVDM,1,1,,A,B3KK;SP000IPDL8Wpa<02=N00000,0*4D
!AIVDM,1,1,,A,H3KK;SP5848Dhh4000000000000,0*14
!AIVDM,1,1,,A,H3KK;STU0000000?8mlqh000;220,0*20
!AIVDM,1,1,,A,33K`MB50001V31dROabkNakp0000,0*47
!AIVDM,1,1,,A,53K`MB400000tLtD001H58l4000000000000000l000000000:1RD0DP000000000000000,0*41
$IIHDM,273.1,M*25
$IIHDG,273.10,9.10,E,,*2D
$IIHDM,273.1,M*25
$IIHDT,282.2,T*28
$IIHDT,282.2,T*28
$GPGGA,060002,6016.8339,N,02217.1960,E,2,12,0.5,7.2,M,18.6,M,,*41
$GPGGA,060001,6016.8339,N,02217.1960,E,2,12,0.5,7.1,M,0.0,M,,*7E
$GPGLL,6016.8339,N,02217.1960,E,060001.020,A*39
$GPRMC,060001,A,6016.8339,N,02217.1960,E,0.0,0.0,090425,9.1,E*7B
$GPGLL,6016.8339,N,02217.1960,E,060002.020,A*3A
$GPRMC,060002,A,6016.8339,N,02217.1960,E,0.0,0.0,090425,9.1,E*78
$IIHDM,273.1,M*25
$IIHDG,273.10,9.10,E,,*2D
$IIHDM,273.1,M*25
$IIHDT,282.2,T*28
$IIHDT,282.2,T*28
$GPGGA,060003,6016.8339,N,02217.1960,E,2,12,0.5,7.2,M,18.6,M,,*40
$GPGGA,060002,6016.8339,N,02217.1960,E,2,12,0.5,7.2,M,0.0,M,,*7E
$GPGLL,6016.8339,N,02217.1960,E,060002.020,A*3A
$GPRMC,060002,A,6016.8339,N,02217.1960,E,0.0,0.0,090425,9.1,E*78
$GPGLL,6016.8339,N,02217.1960,E,060003.020,A*3B
$GPRMC,060003,A,6016.8339,N,02217.1960,E,0.0,0.0,090425,9.1,E*79
!AIVDO,1,1,,A,33L?H900001V7b8RO:H9Lc;p0000,0*1E
!AIVDO,1,1,,A,53L?H9400000tLE0000hDtpTD00000000000001?00j330000540DQhDh00000000000000,0*55
!AIVDM,1,1,,A,33v5qf50001V35@ROa4u19mp0000,0*7E
!AIVDM,1,1,,A,53v5qf400001<9``000IE9EHTd0000000000001601T880000?1RH44Th00000000000000,0*36
!AIVDM,1,1,,A,B3KK;SP000IPDP8Wpa002=N00000,0*5D
$GPRMC,060003,A,6016.8339,N,02217.1960,E,0.0,0.0,090425,9.1,E*79
$GPGGA,060003,6016.8336,N,02217.1968,E,2,12,0.5,7.2,M,0.0,M,,*78
$GPGLL,6016.8336,N,02217.1968,E,060003.020,A*3C
!AIVDM,1,1,,A,H3KK;SP5848Dhh4000000000000,0*14
!AIVDM,1,1,,A,H3KK;STU0000000?8mlqh000;220,0*20
!AIVDM,1,1,,A,302<HTP0001V?VjRS3ph001p0000,0*58
!AIVDM,1,1,,A,33Kvnp0Oh=1U>9fRMoI0pPep0000,0*16
!AIVDM,1,1,,A,53Kvnp400000ta9T000DhDeA840000000000001101R7700007T4Slm5RBw;OS2C33@C3h0,0*35
$IIHDM,273.1,M*25
$IIHDG,273.10,9.10,E,,*2D
$IIHDM,273.1,M*25
$IIHDT,282.2,T*28
$IIHDT,282.2,T*28
$GPGGA,060004,6016.8339,N,02217.1960,E,2,12,0.5,7.3,M,18.6,M,,*46
$GPGGA,060003,6016.8339,N,02217.1960,E,2,12,0.5,7.2,M,0.0,M,,*7F
$GPGLL,6016.8339,N,02217.1960,E,060003.020,A*3B
$GPRMC,060003,A,6016.8339,N,02217.1960,E,0.0,0.0,090425,9.1,E*79
$GPGLL,6016.8339,N,02217.1960,E,060004.020,A*3C
$GPRMC,060004,A,6016.8339,N,02217.1960,E,0.0,0.0,090425,9.1,E*7E
$IIHDM,273.1,M*25
$IIHDG,273.10,9.10,E,,*2D
$IIHDM,273.1,M*25
$IIHDT,282.2,T*28
$IIHDT,282.2,T*28
$GPGGA,060005,6016.8339,N,02217.1960,E,2,12,0.5,7.3,M,18.6,M,,*47
$GPGGA,060004,6016.8339,N,02217.1960,E,2,12,0.5,7.3,M,0.0,M,,*79
$GPGLL,6016.8339,N,02217.1960,E,060004.020,A*3C
$GPRMC,060004,A,6016.8339,N,02217.1960,E,0.0,0.0,090425,9.1,E*7E
$GPGLL,6016.8339,N,02217.1960,E,060005.020,A*3D
$GPRMC,060005,A,6016.8339,N,02217.1960,E,0.0,0.0,090425,9.1,E*7F
$IIHDM,273.1,M*25
$IIHDG,273.10,9.10,E,,*2D
$IIHDM,273.1,M*25
$IIHDT,282.2,T*28
$IIHDT,282.2,T*28
$GPGGA,060006,6016.8339,N,02217.1960,E,2,12,0.5,7.4,M,18.6,M,,*43
$GPGGA,060005,6016.8339,N,02217.1960,E,2,12,0.5,7.3,M,0.0,M,,*78
$GPGLL,6016.8339,N,02217.1960,E,060005.020,A*3D
$GPRMC,060005,A,6016.8339,N,02217.1960,E,0.0,0.0,090425,9.1,E*7F
$GPGLL,6016.8339,N,02217.1960,E,060006.020,A*3E
$GPRMC,060006,A,6016.8339,N,02217.1960,E,0.0,0.0,090425,9.1,E*7C
$IIHDM,273.1,M*25
$IIHDG,273.10,9.10,E,,*2D
$IIHDM,273.1,M*25
$IIHDT,282.2,T*28
$IIHDT,282.2,T*28
$GPGGA,060007,6016.8339,N,02217.1960,E,2,12,0.5,7.4,M,18.6,M,,*42
$GPGGA,060006,6016.8339,N,02217.1960,E,2,12,0.5,7.4,M,0.0,M,,*7C
$GPGLL,6016.8339,N,02217.1960,E,060006.020,A*3E
$GPRMC,060006,A,6016.8339,N,02217.1960,E,0.0,0.0,090425,9.1,E*7C
$GPGLL,6016.8339,N,02217.1960,E,060007.020,A*3F
$GPRMC,060007,A,6016.8339,N,02217.1960,E,0.0,0.0,090425,9.1,E*7D
$IIHDM,273.1,M*25
$IIHDG,273.10,9.10,E,,*2D
$IIHDM,273.1,M*25
$IIHDT,282.2,T*28
$IIHDT,282.2,T*28
$GPGGA,060008,6016.8339,N,02217.1960,E,2,12,0.5,7.5,M,18.6,M,,*4C
$GPGGA,060007,6016.8339,N,02217.1960,E,2,12,0.5,7.4,M,0.0,M,,*7D
$GPGLL,6016.8339,N,02217.1960,E,060007.020,A*3F
$GPRMC,060007,A,6016.8339,N,02217.1960,E,0.0,0.0,090425,9.1,E*7D
$GPGLL,6016.8339,N,02217.1960,E,060008.020,A*30
$GPRMC,060008,A,6016.8339,N,02217.1960,E,0.0,0.0,090425,9.1,E*72
$IIHDM,273.1,M*25
$IIHDG,273.10,9.10,E,,*2D
$IIHDM,273.1,M*25
$IIHDT,282.2,T*28
$IIHDT,282.2,T*28
$GPGGA,060009,6016.8339,N,02217.1960,E,2,12,0.5,7.6,M,18.6,M,,*4E
$GPGGA,060008,6016.8339,N,02217.1960,E,2,12,0.5,7.5,M,0.0,M,,*73
$GPGLL,6016.8339,N,02217.1960,E,060008.020,A*30
$GPRMC,060008,A,6016.8339,N,02217.1960,E,0.0,0.0,090425,9.1,E*72
$GPGLL,6016.8339,N,02217.1960,E,060009.020,A*31
$GPRMC,060009,A,6016.8339,N,02217.1960,E,0.0,0.0,090425,9.1,E*73
$IIHDM,273.1,M*25
$IIHDG,273.10,9.10,E,,*2D
$IIHDM,273.1,M*25
$IIHDT,282.2,T*28
$IIHDT,282.2,T*28
$GPGGA,060010,6016.8339,N,02217.1960,E,2,12,0.5,7.7,M,18.6,M,,*47
$GPGGA,060009,6016.8339,N,02217.1960,E,2,12,0.5,7.6,M,0.0,M,,*71
$GPGLL,6016.8339,N,02217.1960,E,060009.020,A*31
$GPRMC,060009,A,6016.8339,N,02217.1960,E,0.0,0.0,090425,9.1,E*73
$GPGLL,6016.8339,N,02217.1960,E,060010.020,A*39
$GPRMC,060010,A,6016.8339,N,02217.1960,E,0.0,0.0,090425,9.1,E*7B
$IIHDM,273.1,M*25
$IIHDG,273.10,9.10,E,,*2D
$IIHDM,273.1,M*25
$IIHDT,282.2,T*28
$IIHDT,282.2,T*28
$GPGGA,060011,6016.8339,N,02217.1960,E,2,12,0.5,7.7,M,18.6,M,,*46
$GPGGA,060010,6016.8339,N,02217.1960,E,2,12,0.5,7.7,M,0.0,M,,*78
$GPGLL,6016.8339,N,02217.1960,E,060010.020,A*39
$GPRMC,060010,A,6016.8339,N,02217.1960,E,0.0,0.0,090425,9.1,E*7B
$GPGLL,6016.8339,N,02217.1960,E,060011.020,A*38
$GPRMC,060011,A,6016.8339,N,02217.1960,E,0.0,0.0,090425,9.1,E*7A
!AIVDM,1,1,,A,33L?H900001V7b8RO:H9Lc;p0000,0*1C
!AIVDM,1,1,,A,53L?H9400000tLE0000hDtpTD00000000000001?00j330000540DQhDh00000000000000,0*57
!AIVDM,1,1,,A,33v5qf50001V35@ROa4u19mp0000,0*7E
!AIVDM,1,1,,A,53v5qf400001<9``000IE9EHTd0000000000001601T880000?1RH44Th00000000000000,0*36
!AIVDM,1,1,,A,B3KK;SP000IPDL8Wpa<02=N00000,0*4D
!AIVDM,1,1,,A,H3KK;SP5848Dhh4000000000000,0*14
!AIVDM,1,1,,A,H3KK;STU0000000?8mlqh000;220,0*20
$IIHDM,273.1,M*25
$IIHDG,273.10,9.10,E,,*2D
$IIHDM,273.1,M*25
$IIHDT,282.2,T*28
$IIHDT,282.2,T*28
$GPGGA,060012,6016.8339,N,02217.1960,E,2,12,0.5,7.8,M,18.6,M,,*4A
$GPGGA,060011,6016.8339,N,02217.1960,E,2,12,0.5,7.7,M,0.0,M,,*79
$GPGLL,6016.8339,N,02217.1960,E,060011.020,A*38
$GPRMC,060011,A,6016.8339,N,02217.1960,E,0.0,0.0,090425,9.1,E*7A
$GPGLL,6016.8339,N,02217.1960,E,060012.020,A*3B
$GPRMC,060012,A,6016.8339,N,02217.1960,E,0.0,0.0,090425,9.1,E*79
$IIHDM,273.1,M*25
$IIHDG,273.10,9.10,E,,*2D
$IIHDM,273.1,M*25
$IIHDT,282.2,T*28
$IIHDT,282.2,T*28
$GPGGA,060013,6016.8339,N,02217.1960,E,2,12,0.5,7.9,M,18.6,M,,*4A
$GPGGA,060012,6016.8339,N,02217.1960,E,2,12,0.5,7.8,M,0.0,M,,*75
$GPGLL,6016.8339,N,02217.1960,E,060012.020,A*3B
$GPRMC,060012,A,6016.8339,N,02217.1960,E,0.0,0.0,090425,9.1,E*79
$GPGLL,6016.8339,N,02217.1960,E,060013.020,A*3A
$GPRMC,060013,A,6016.8339,N,02217.1960,E,0.0,0.0,090425,9.1,E*78
!AIVDO,1,1,,A,33L?H900001V7b8RO:GqJc;p0000,0*5F
!AIVDO,1,1,,A,53L?H9400000tLE0000hDtpTD00000000000001?00j330000540DQhDh00000000000000,0*55
!AIVDM,1,1,,A,B3KK;SP000IPDO`Wpa002=N00000,0*1A
$GPRMC,060013,A,6016.8339,N,02217.1960,E,0.0,0.0,090425,9.1,E*78
$GPGGA,060013,6016.8336,N,02217.1967,E,2,12,0.5,7.9,M,0.0,M,,*7D
$GPGLL,6016.8336,N,02217.1967,E,060013.020,A*32
!AIVDM,1,1,,A,H3KK;SP5848Dhh4000000000000,0*14
!AIVDM,1,1,,A,H3KK;STU0000000?8mlqh000;220,0*20
!AIVDM,1,1,,A,302<HTP0001V?VnRS3ph001p0000,0*5C
$IIHDM,273.1,M*25
$IIHDG,273.10,9.10,E,,*2D
$IIHDM,273.1,M*25
$IIHDT,282.2,T*28
$IIHDT,282.2,T*28
$GPGGA,060014,6016.8339,N,02217.1960,E,2,12,0.5,8.0,M,18.6,M,,*4B
$GPGGA,060013,6016.8339,N,02217.1960,E,2,12,0.5,7.9,M,0.0,M,,*75
$GPGLL,6016.8339,N,02217.1960,E,060013.020,A*3A
$GPRMC,060013,A,6016.8339,N,02217.1960,E,0.0,0.0,090425,9.1,E*78
$GPGLL,6016.8339,N,02217.1960,E,060014.020,A*3D
$GPRMC,060014,A,6016.8339,N,02217.1960,E,0.0,0.0,090425,9.1,E*7F
$IIHDM,273.1,M*25
$IIHDG,273.10,9.10,E,,*2D
$IIHDM,273.1,M*25
$IIHDT,282.2,T*28
$IIHDT,282.2,T*28
$GPGGA,060015,6016.8339,N,02217.1960,E,2,12,0.5,8.0,M,18.6,M,,*4A
$GPGGA,060014,6016.8339,N,02217.1960,E,2,12,0.5,8.0,M,0.0,M,,*74
$GPGLL,6016.8339,N,02217.1960,E,060014.020,A*3D
$GPRMC,060014,A,6016.8339,N,02217.1960,E,0.0,0.0,090425,9.1,E*7F
$GPGLL,6016.8339,N,02217.1960,E,060015.020,A*3C
$GPRMC,060015,A,6016.8339,N,02217.1960,E,0.0,0.0,090425,9.1,E*7E
$IIHDM,273.1,M*25
$IIHDG,273.10,9.10,E,,*2D
$IIHDM,273.1,M*25
$IIHDT,282.2,T*28
$IIHDT,282.2,T*28
$GPGGA,060016,6016.8339,N,02217.1960,E,2,12,0.5,8.1,M,18.6,M,,*48
$GPGGA,060015,6016.8339,N,02217.1960,E,2,12,0.5,8.0,M,0.0,M,,*75
$GPGLL,6016.8339,N,02217.1960,E,060015.020,A*3C
$GPRMC,060015,A,6016.8339,N,02217.1960,E,0.0,0.0,090425,9.1,E*7E
$GPGLL,6016.8339,N,02217.1960,E,060016.020,A*3F
$GPRMC,060016,A,6016.8339,N,02217.1960,E,0.0,0.0,090425,9.1,E*7D
$IIHDM,273.1,M*25
$IIHDG,273.10,9.10,E,,*2D
$IIHDM,273.1,M*25
$IIHDT,282.2,T*28
$IIHDT,282.2,T*28
$GPGGA,060017,6016.8339,N,02217.1960,E,2,12,0.5,8.1,M,18.6,M,,*49
$GPGGA,060016,6016.8339,N,02217.1960,E,2,12,0.5,8.1,M,0.0,M,,*77
$GPGLL,6016.8339,N,02217.1960,E,060016.020,A*3F
$GPRMC,060016,A,6016.8339,N,02217.1960,E,0.0,0.0,090425,9.1,E*7D
$GPGLL,6016.8339,N,02217.1960,E,060017.020,A*3E
$GPRMC,060017,A,6016.8339,N,02217.1960,E,0.0,0.0,090425,9.1,E*7C
$IIHDM,273.1,M*25
$IIHDG,273.10,9.10,E,,*2D
$IIHDM,273.1,M*25
$IIHDT,282.2,T*28
$IIHDT,282.2,T*28
$GPGGA,060018,6016.8339,N,02217.1960,E,2,12,0.5,8.1,M,18.6,M,,*46
$GPGGA,060017,6016.8339,N,02217.1960,E,2,12,0.5,8.1,M,0.0,M,,*76
$GPGLL,6016.8339,N,02217.1960,E,060017.020,A*3E
$GPRMC,060017,A,6016.8339,N,02217.1960,E,0.0,0.0,090425,9.1,E*7C
$GPGLL,6016.8339,N,02217.1960,E,060018.020,A*31
$GPRMC,060018,A,6016.8339,N,02217.1960,E,0.0,0.0,090425,9.1,E*73
$IIHDM,273.1,M*25
$IIHDG,273.10,9.10,E,,*2D
$IIHDM,273.1,M*25
$IIHDT,282.2,T*28
$IIHDT,282.2,T*28
$GPGGA,060019,6016.8339,N,02217.1960,E,2,12,0.5,8.2,M,18.6,M,,*44
$GPGGA,060018,6016.8339,N,02217.1960,E,2,12,0.5,8.1,M,0.0,M,,*79
$GPGLL,6016.8339,N,02217.1960,E,060018.020,A*31
$GPRMC,060018,A,6016.8339,N,02217.1960,E,0.0,0.0,090425,9.1,E*73
$GPGLL,6016.8339,N,02217.1960,E,060019.020,A*30
$GPRMC,060019,A,6016.8339,N,02217.1960,E,0.0,0.0,090425,9.1,E*72
$IIHDM,273.1,M*25
$IIHDG,273.10,9.10,E,,*2D
$IIHDM,273.1,M*25
$IIHDT,282.2,T*28
$IIHDT,282.2,T*28
$GPGGA,060020,6016.8339,N,02217.1960,E,2,12,0.5,8.2,M,18.6,M,,*4E
$GPGGA,060019,6016.8339,N,02217.1960,E,2,12,0.5,8.2,M,0.0,M,,*7B
$GPGLL,6016.8339,N,02217.1960,E,060019.020,A*30
$GPRMC,060019,A,6016.8339,N,02217.1960,E,0.0,0.0,090425,9.1,E*72
$GPGLL,6016.8339,N,02217.1960,E,060020.020,A*3A
$GPRMC,060020,A,6016.8339,N,02217.1960,E,0.0,0.0,090425,9.1,E*78
$IIHDM,273.1,M*25
$IIHDG,273.10,9.10,E,,*2D
$IIHDM,273.1,M*25
$IIHDT,282.2,T*28
$IIHDT,282.2,T*28
$GPGGA,060021,6016.8339,N,02217.1960,E,2,12,0.5,8.2,M,18.6,M,,*4F
$GPGGA,060020,6016.8339,N,02217.1960,E,2,12,0.5,8.2,M,0.0,M,,*71
$GPGLL,6016.8339,N,02217.1960,E,060020.020,A*3A
$GPRMC,060020,A,6016.8339,N,02217.1960,E,0.0,0.0,090425,9.1,E*78
$GPGLL,6016.8339,N,02217.1960,E,060021.020,A*3B
$GPRMC,060021,A,6016.8339,N,02217.1960,E,0.0,0.0,090425,9.1,E*79
!AIVDM,1,1,,A,33L?H900001V7b8RO:GqJc;p0000,0*5D
!AIVDM,1,1,,A,53L?H9400000tLE0000hDtpTD00000000000001?00j330000540DQhDh00000000000000,0*57
!AIVDM,1,1,,A,B3KK;SP000IPDL8Wpa<02=N00000,0*4D
!AIVDM,1,1,,A,H3KK;SP5848Dhh4000000000000,0*14
!AIVDM,1,1,,A,H3KK;STU0000000?8mlqh000;220,0*20
$IIHDM,273.1,M*25
$IIHDG,273.10,9.10,E,,*2D
$IIHDM,273.1,M*25
$IIHDT,282.2,T*28
$IIHDT,282.2,T*28
$GPGGA,060022,6016.8339,N,02217.1960,E,2,12,0.5,8.3,M,18.6,M,,*4D
$GPGGA,060021,6016.8339,N,02217.1960,E,2,12,0.5,8.2,M,0.0,M,,*70
$GPGLL,6016.8339,N,02217.1960,E,060021.020,A*3B
$GPRMC,060021,A,6016.8339,N,02217.1960,E,0.0,0.0,090425,9.1,E*79
$GPGLL,6016.8339,N,02217.1960,E,060022.020,A*38
$GPRMC,060022,A,6016.8339,N,02217.1960,E,0.0,0.0,090425,9.1,E*7A
$IIHDM,273.1,M*25
$IIHDG,273.10,9.10,E,,*2D
$IIHDM,273.1,M*25
$IIHDT,282.2,T*28
$IIHDT,282.2,T*28
$GPGGA,060023,6016.8339,N,02217.1960,E,2,12,0.5,8.3,M,18.6,M,,*4C
$GPGGA,060022,6016.8339,N,02217.1960,E,2,12,0.5,8.3,M,0.0,M,,*72
$GPGLL,6016.8339,N,02217.1960,E,060022.020,A*38
$GPRMC,060022,A,6016.8339,N,02217.1960,E,0.0,0.0,090425,9.1,E*7A
$GPGLL,6016.8339,N,02217.1960,E,060023.020,A*39
$GPRMC,060023,A,6016.8339,N,02217.1960,E,0.0,0.0,090425,9.1,E*7B
!AIVDO,1,1,,A,33L?H900001V7b:RO:GWs;;p0000,0*1A
!AIVDO,1,1,,A,53L?H9400000tLE0000hDtpTD00000000000001?00j330000540DQhDh00000000000000,0*55
!AIVDM,1,1,,A,B3KK;SP000IPDO`Wp`t02=N00000,0*5F
$GPRMC,060023,A,6016.8339,N,02217.1960,E,0.0,0.0,090425,9.1,E*7B
$GPGGA,060023,6016.8335,N,02217.1967,E,2,12,0.5,8.3,M,0.0,M,,*78
$GPGLL,6016.8335,N,02217.1967,E,060023.020,A*32
!AIVDM,1,1,,A,H3KK;SP5848Dhh4000000000000,0*14
!AIVDM,1,1,,A,H3KK;STU0000000?8mlqh000;220,0*20
!AIVDM,1,1,,A,302<HTP0001V?VpRS3q0001p0000,0*1B
$IIHDM,273.1,M*25
$IIHDG,273.10,9.10,E,,*2D
$IIHDM,273.1,M*25
$IIHDT,282.2,T*28
$IIHDT,282.2,T*28
$GPGGA,060024,6016.8339,N,02217.1960,E,2,12,0.5,8.4,M,18.6,M,,*4C
$GPGGA,060023,6016.8339,N,02217.1960,E,2,12,0.5,8.3,M,0.0,M,,*73
$GPGLL,6016.8339,N,02217.1960,E,060023.020,A*39
$GPRMC,060023,A,6016.8339,N,02217.1960,E,0.0,0.0,090425,9.1,E*7B
$GPGLL,6016.8339,N,02217.1960,E,060024.020,A*3E
$GPRMC,060024,A,6016.8339,N,02217.1960,E,0.0,0.0,090425,9.1,E*7C
$IIHDM,273.1,M*25
$IIHDG,273.10,9.10,E,,*2D
$IIHDM,273.1,M*25
$IIHDT,282.2,T*28
$IIHDT,282.2,T*28
$GPGGA,060025,6016.8339,N,02217.1960,E,2,12,0.5,8.4,M,18.6,M,,*4D
$GPGGA,060024,6016.8339,N,02217.1960,E,2,12,0.5,8.4,M,0.0,M,,*73
$GPGLL,6016.8339,N,02217.1960,E,060024.020,A*3E
$GPRMC,060024,A,6016.8339,N,02217.1960,E,0.0,0.0,090425,9.1,E*7C
$GPGLL,6016.8339,N,02217.1960,E,060025.020,A*3F
$GPRMC,060025,A,6016.8339,N,02217.1960,E,0.0,0.0,090425,9.1,E*7D
$IIHDM,273.1,M*25
$IIHDG,273.10,9.10,E,,*2D
$IIHDM,273.1,M*25
$IIHDT,282.2,T*28
$IIHDT,282.2,T*28
$GPGGA,060026,6016.8339,N,02217.1960,E,2,12,0.5,8.4,M,18.6,M,,*4E
$GPGGA,060025,6016.8339,N,02217.1960,E,2,12,0.5,8.4,M,0.0,M,,*72
$GPGLL,6016.8339,N,02217.1960,E,060025.020,A*3F
$GPRMC,060025,A,6016.8339,N,02217.1960,E,0.0,0.0,090425,9.1,E*7D
$GPGLL,6016.8339,N,02217.1960,E,060026.020,A*3C
$GPRMC,060026,A,6016.8339,N,02217.1960,E,0.0,0.0,090425,9.1,E*7E
$IIHDM,273.1,M*25
$IIHDG,273.10,9.10,E,,*2D
$IIHDM,273.1,M*25
$IIHDT,282.2,T*28
$IIHDT,282.2,T*28
$GPGGA,060027,6016.8339,N,02217.1960,E,2,12,0.5,8.4,M,18.6,M,,*4F
$GPGGA,060026,6016.8339,N,02217.1960,E,2,12,0.5,8.4,M,0.0,M,,*71
$GPGLL,6016.8339,N,02217.1960,E,060026.020,A*3C
$GPRMC,060026,A,6016.8339,N,02217.1960,E,0.0,0.0,090425,9.1,E*7E
$GPGLL,6016.8339,N,02217.1960,E,060027.020,A*3D
$GPRMC,060027,A,6016.8339,N,02217.1960,E,0.0,0.0,090425,9.1,E*7F
$IIHDM,273.1,M*25
$IIHDG,273.10,9.10,E,,*2D
$IIHDM,273.1,M*25
$IIHDT,282.2,T*28
$IIHDT,282.2,T*28
$GPGGA,060028,6016.8339,N,02217.1960,E,2,12,0.5,8.5,M,18.6,M,,*41
$GPGGA,060027,6016.8339,N,02217.1960,E,2,12,0.5,8.4,M,0.0,M,,*70
$GPGLL,6016.8339,N,02217.1960,E,060027.020,A*3D
$GPRMC,060027,A,6016.8339,N,02217.1960,E,0.0,0.0,090425,9.1,E*7F
$GPGLL,6016.8339,N,02217.1960,E,060028.020,A*32
$GPRMC,060028,A,6016.8339,N,02217.1960,E,0.0,0.0,090425,9.1,E*70
$IIHDG,273.10,9.10,E,,*2D
$IIHDM,273.1,M*25
$IIHDG,273.10,9.10,E,,*2D
$IIHDM,273.1,M*25
$IIHDT,282.2,T*28
$IIHDT,282.2,T*28
$GPGGA,060029,6016.8339,N,02217.1960,E,2,12,0.5,8.5,M,18.6,M,,*40
$GPGGA,060028,6016.8339,N,02217.1960,E,2,12,0.5,8.5,M,0.0,M,,*7E
$GPGLL,6016.8339,N,02217.1960,E,060028.020,A*32
$GPRMC,060028,A,6016.8339,N,02217.1960,E,0.0,0.0,090425,9.1,E*70
$GPGLL,6016.8339,N,02217.1960,E,060029.020,A*33
$GPRMC,060029,A,6016.8339,N,02217.1960,E,0.0,0.0,090425,9.1,E*71
$IIHDM,273.1,M*25
$IIHDG,273.10,9.10,E,,*2D
$IIHDM,273.1,M*25
$IIHDT,282.2,T*28
$IIHDT,282.2,T*28
$GPGGA,060030,6016.8339,N,02217.1960,E,2,12,0.5,8.5,M,18.6,M,,*48
$GPGGA,060029,6016.8339,N,02217.1960,E,2,12,0.5,8.5,M,0.0,M,,*7F
$GPGLL,6016.8339,N,02217.1960,E,060029.020,A*33
$GPRMC,060029,A,6016.8339,N,02217.1960,E,0.0,0.0,090425,9.1,E*71
$GPGLL,6016.8339,N,02217.1960,E,060030.020,A*3B
$GPRMC,060030,A,6016.8339,N,02217.1960,E,0.0,0.0,090425,9.1,E*79
$IIHDM,273.1,M*25
$IIHDG,273.10,9.10,E,,*2D
$IIHDM,273.1,M*25
$IIHDT,282.2,T*28
$IIHDT,282.2,T*28
$GPGGA,060031,6016.8339,N,02217.1960,E,2,12,0.5,8.6,M,18.6,M,,*4A
$GPGGA,060030,6016.8339,N,02217.1960,E,2,12,0.5,8.5,M,0.0,M,,*77
$GPGLL,6016.8339,N,02217.1960,E,060030.020,A*3B
$GPRMC,060030,A,6016.8339,N,02217.1960,E,0.0,0.0,090425,9.1,E*79
$GPGLL,6016.8339,N,02217.1960,E,060031.020,A*3A
$GPRMC,060031,A,6016.8339,N,02217.1960,E,0.0,0.0,090425,9.1,E*78
!AIVDM,1,1,,A,33L?H900001V7b:RO:GWs;;p0000,0*18
!AIVDM,1,1,,A,53L?H9400000tLE0000hDtpTD00000000000001?00j330000540DQhDh00000000000000,0*57
!AIVDM,1,1,,A,33v5qf50001V34BROa7M19mp0000,0*46
!AIVDM,1,1,,A,53v5qf400001<9``000IE9EHTd0000000000001601T880000?1RH44Th00000000000000,0*36
!AIVDM,1,1,,A,B3KK;SP000IPDL8Wpa<02=N00000,0*4D
!AIVDM,1,1,,A,H3KK;SP5848Dhh4000000000000,0*14
!AIVDM,1,1,,A,H3KK;STU0000000?8mlqh000;220,0*20
$IIHDM,273.1,M*25
$IIHDG,273.10,9.10,E,,*2D
$IIHDM,273.1,M*25
$IIHDT,282.2,T*28
$IIHDT,282.2,T*28
$GPGGA,060032,6016.8339,N,02217.1960,E,2,12,0.5,8.6,M,18.6,M,,*49
$GPGGA,060031,6016.8339,N,02217.1960,E,2,12,0.5,8.6,M,0.0,M,,*75
$GPGLL,6016.8339,N,02217.1960,E,060031.020,A*3A
$GPRMC,060031,A,6016.8339,N,02217.1960,E,0.0,0.0,090425,9.1,E*78
$GPGLL,6016.8339,N,02217.1960,E,060032.020,A*39
$GPRMC,060032,A,6016.8339,N,02217.1960,E,0.0,0.0,090425,9.1,E*7B
$IIHDM,273.1,M*25
$IIHDG,273.10,9.10,E,,*2D
$IIHDM,273.1,M*25
$IIHDT,282.2,T*28
$IIHDT,282.2,T*28
$GPGGA,060033,6016.8339,N,02217.1960,E,2,12,0.5,8.6,M,18.6,M,,*48
$GPGGA,060032,6016.8339,N,02217.1960,E,2,12,0.5,8.6,M,0.0,M,,*76
$GPGLL,6016.8339,N,02217.1960,E,060032.020,A*39
$GPRMC,060032,A,6016.8339,N,02217.1960,E,0.0,0.0,090425,9.1,E*7B
$GPGLL,6016.8339,N,02217.1960,E,060033.020,A*38
$GPRMC,060033,A,6016.8339,N,02217.1960,E,0.0,0.0,090425,9.1,E*7A
$IIHDG,273.10,9.10,E,,*2D
$IIHDT,282.2,T*28
!AIVDO,1,1,,A,33L?H900001V7b6RO:H`uc;p0000,0*70
!AIVDO,1,1,,A,53L?H9400000tLE0000hDtpTD00000000000001?00j330000540DQhDh00000000000000,0*55
!AIVDM,1,1,,A,33v5qf50001V34BROa7M19mp0000,0*46
!AIVDM,1,1,,A,53v5qf400001<9``000IE9EHTd0000000000001601T880000?1RH44Th00000000000000,0*36
!AIVDM,1,1,,A,B3KK;SP000IPDP`Wpa002=N00000,0*05
$GPRMC,060033,A,6016.8339,N,02217.1960,E,0.0,0.0,090425,9.1,E*7A
$GPGGA,060033,6016.8336,N,02217.1969,E,2,12,0.5,8.6,M,0.0,M,,*71
$GPGLL,6016.8336,N,02217.1969,E,060033.020,A*3E
!AIVDM,1,1,,A,H3KK;SP5848Dhh4000000000000,0*14
!AIVDM,1,1,,A,H3KK;STU0000000?8mlqh000;220,0*20
!AIVDM,1,1,,A,302<HTP0001V?VnRS3q@001p0000,0*75
!AIVDM,1,1,,A,33Kvnp0Oh21U>9<RMoGH1VGp0000,0*50
!AIVDM,1,1,,A,53Kvnp400000ta9T000DhDeA840000000000001101R7700007T4Slm5RBw;OS2C33@C3h0,0*35
$IIHDM,273.1,M*25
$IIHDG,273.10,9.10,E,,*2D
$IIHDM,273.1,M*25
$IIHDT,282.2,T*28
$IIHDT,282.2,T*28
$GPGGA,060034,6016.8339,N,02217.1960,E,2,12,0.5,8.6,M,18.6,M,,*4F
$GPGGA,060033,6016.8339,N,02217.1960,E,2,12,0.5,8.6,M,0.0,M,,*77
$GPGLL,6016.8339,N,02217.1960,E,060033.020,A*38
$GPRMC,060033,A,6016.8339,N,02217.1960,E,0.0,0.0,090425,9.1,E*7A
$GPGLL,6016.8339,N,02217.1960,E,060034.020,A*3F
$GPRMC,060034,A,6016.8339,N,02217.1960,E,0.0,0.0,090425,9.1,E*7D
$IIHDM,273.1,M*25
$IIHDG,273.10,9.10,E,,*2D
$IIHDM,273.1,M*25
$IIHDT,282.2,T*28
$IIHDT,282.2,T*28
$GPGGA,060035,6016.8339,N,02217.1960,E,2,12,0.5,8.6,M,18.6,M,,*4E
$GPGGA,060034,6016.8339,N,02217.1960,E,2,12,0.5,8.6,M,0.0,M,,*70
$GPGLL,6016.8339,N,02217.1960,E,060034.020,A*3F
$GPRMC,060034,A,6016.8339,N,02217.1960,E,0.0,0.0,090425,9.1,E*7D
$GPGLL,6016.8339,N,02217.1960,E,060035.020,A*3E
$GPRMC,060035,A,6016.8339,N,02217.1960,E,0.0,0.0,090425,9.1,E*7C
$IIHDM,273.1,M*25
$IIHDG,273.10,9.10,E,,*2D
$IIHDM,273.1,M*25
$IIHDT,282.2,T*28
$IIHDT,282.2,T*28
$GPGGA,060036,6016.8339,N,02217.1960,E,2,12,0.5,8.6,M,18.6,M,,*4D
$GPGGA,060035,6016.8339,N,02217.1960,E,2,12,0.5,8.6,M,0.0,M,,*71
$GPGLL,6016.8339,N,02217.1960,E,060035.020,A*3E
$GPRMC,060035,A,6016.8339,N,02217.1960,E,0.0,0.0,090425,9.1,E*7C
$GPGLL,6016.8339,N,02217.1960,E,060036.020,A*3D
$GPRMC,060036,A,6016.8339,N,02217.1960,E,0.0,0.0,090425,9.1,E*7F
$IIHDM,273.1,M*25
$IIHDG,273.10,9.10,E,,*2D
$IIHDM,273.1,M*25
$IIHDT,282.2,T*28
$IIHDT,282.2,T*28
$GPGGA,060037,6016.8339,N,02217.1960,E,2,12,0.5,8.7,M,18.6,M,,*4D
$GPGGA,060036,6016.8339,N,02217.1960,E,2,12,0.5,8.6,M,0.0,M,,*72
$GPGLL,6016.8339,N,02217.1960,E,060036.020,A*3D
$GPRMC,060036,A,6016.8339,N,02217.1960,E,0.0,0.0,090425,9.1,E*7F
$GPGLL,6016.8339,N,02217.1960,E,060037.020,A*3C
$GPRMC,060037,A,6016.8339,N,02217.1960,E,0.0,0.0,090425,9.1,E*7E
$IIHDM,273.1,M*25
$IIHDG,273.10,9.10,E,,*2D
$IIHDM,273.1,M*25
$IIHDT,282.2,T*28
$IIHDT,282.2,T*28
$GPGGA,060038,6016.8339,N,02217.1960,E,2,12,0.5,8.7,M,18.6,M,,*42
$GPGGA,060037,6016.8339,N,02217.1960,E,2,12,0.5,8.7,M,0.0,M,,*72
$GPGLL,6016.8339,N,02217.1960,E,060037.020,A*3C
$GPRMC,060037,A,6016.8339,N,02217.1960,E,0.0,0.0,090425,9.1,E*7E
$GPGLL,6016.8339,N,02217.1960,E,060038.020,A*33
$GPRMC,060038,A,6016.8339,N,02217.1960,E,0.0,0.0,090425,9.1,E*71
$IIHDM,273.1,M*25
$IIHDG,273.10,9.10,E,,*2D
$IIHDM,273.1,M*25
$IIHDT,282.2,T*28
$IIHDT,282.2,T*28
$GPGGA,060039,6016.8339,N,02217.1960,E,2,12,0.5,8.7,M,18.6,M,,*43
$GPGGA,060038,6016.8339,N,02217.1960,E,2,12,0.5,8.7,M,0.0,M,,*7D
$GPGLL,6016.8339,N,02217.1960,E,060038.020,A*33
$GPRMC,060038,A,6016.8339,N,02217.1960,E,0.0,0.0,090425,9.1,E*71
$GPGLL,6016.8339,N,02217.1960,E,060039.020,A*32
$GPRMC,060039,A,6016.8339,N,02217.1960,E,0.0,0.0,090425,9.1,E*70
$IIHDM,273.1,M*25
$IIHDG,273.10,9.10,E,,*2D
$IIHDM,273.1,M*25
$IIHDT,282.2,T*28
$IIHDT,282.2,T*28
$GPGGA,060040,6016.8339,N,02217.1960,E,2,12,0.5,8.7,M,18.6,M,,*4D
$GPGGA,060039,6016.8339,N,02217.1960,E,2,12,0.5,8.7,M,0.0,M,,*7C
$GPGLL,6016.8339,N,02217.1960,E,060039.020,A*32
$GPRMC,060039,A,6016.8339,N,02217.1960,E,0.0,0.0,090425,9.1,E*70
$GPGLL,6016.8339,N,02217.1960,E,060040.020,A*3C
$GPRMC,060040,A,6016.8339,N,02217.1960,E,0.0,0.0,090425,9.1,E*7E
$IIHDM,273.1,M*25
$IIHDG,273.10,9.10,E,,*2D
$IIHDM,273.1,M*25
$IIHDT,282.2,T*28
$IIHDT,282.2,T*28
$GPGGA,060041,6016.8339,N,02217.1960,E,2,12,0.5,8.7,M,18.6,M,,*4C
$GPGGA,060040,6016.8339,N,02217.1960,E,2,12,0.5,8.7,M,0.0,M,,*72
$GPGLL,6016.8339,N,02217.1960,E,060040.020,A*3C
$GPRMC,060040,A,6016.8339,N,02217.1960,E,0.0,0.0,090425,9.1,E*7E
$GPGLL,6016.8339,N,02217.1960,E,060041.020,A*3D
$GPRMC,060041,A,6016.8339,N,02217.1960,E,0.0,0.0,090425,9.1,E*7F
!AIVDM,1,1,,A,33L?H900001V7b6RO:H`uc;p0000,0*72
!AIVDM,1,1,,A,53L?H9400000tLE0000hDtpTD00000000000001?00j330000540DQhDh00000000000000,0*57
!AIVDM,1,1,,A,33v5qf50001V34BROa7M19mp0000,0*46
!AIVDM,1,1,,A,53v5qf400001<9``000IE9EHTd0000000000001601T880000?1RH44Th00000000000000,0*36
!AIVDM,1,1,,A,B3KK;SP000IPDL8Wpa<02=N00000,0*4D
!AIVDM,1,1,,A,H3KK;SP5848Dhh4000000000000,0*14
!AIVDM,1,1,,A,H3KK;STU0000000?8mlqh000;220,0*20
$IIHDM,273.1,M*25
$IIHDG,273.10,9.10,E,,*2D
$IIHDM,273.1,M*25
$IIHDT,282.2,T*28
$IIHDT,282.2,T*28
$GPGGA,060042,6016.8339,N,02217.1960,E,2,12,0.5,8.8,M,18.6,M,,*40
$GPGGA,060041,6016.8339,N,02217.1960,E,2,12,0.5,8.7,M,0.0,M,,*73
$GPGLL,6016.8339,N,02217.1960,E,060041.020,A*3D
$GPRMC,060041,A,6016.8339,N,02217.1960,E,0.0,0.0,090425,9.1,E*7F
$GPGLL,6016.8339,N,02217.1960,E,060042.020,A*3E
$GPRMC,060042,A,6016.8339,N,02217.1960,E,0.0,0.0,090425,9.1,E*7C
$IIHDM,273.1,M*25
$IIHDG,273.10,9.10,E,,*2D
$IIHDM,273.1,M*25
$IIHDT,282.2,T*28
$IIHDT,282.2,T*28
$GPGGA,060043,6016.8339,N,02217.1960,E,2,12,0.5,8.8,M,18.6,M,,*41
$GPGGA,060042,6016.8339,N,02217.1960,E,2,12,0.5,8.8,M,0.0,M,,*7F
$GPGLL,6016.8339,N,02217.1960,E,060042.020,A*3E
$GPRMC,060042,A,6016.8339,N,02217.1960,E,0.0,0.0,090425,9.1,E*7C
$GPGLL,6016.8339,N,02217.1960,E,060043.020,A*3F
$GPRMC,060043,A,6016.8339,N,02217.1960,E,0.0,0.0,090425,9.1,E*7D
!AIVDO,1,1,,A,33L?H900001V7b0RO:I9C;;p0000,0*40
!AIVDO,1,1,,A,53L?H9400000tLE0000hDtpTD00000000000001?00j330000540DQhDh00000000000000,0*55
!AIVDM,1,1,,A,B3KK;SP000IPDQ8Wpa802=N00000,0*54
$GPRMC,060043,A,6016.8339,N,02217.1960,E,0.0,0.0,090425,9.1,E*7D
$GPGGA,060043,6016.8338,N,02217.1970,E,2,12,0.5,8.8,M,0.0,M,,*7E
$GPGLL,6016.8338,N,02217.1970,E,060043.020,A*3F
!AIVDM,1,1,,A,H3KK;SP5848Dhh4000000000000,0*14
!AIVDM,1,1,,A,H3KK;STU0000000?8mlqh000;220,0*20
!AIVDM,1,1,,A,302<HTP0001V?VtRS3qP001p0000,0*7F
$IIHDM,273.1,M*25
$IIHDG,273.10,9.10,E,,*2D
$IIHDM,273.1,M*25
$IIHDT,282.2,T*28
$IIHDT,282.2,T*28
$GPGGA,060044,6016.8339,N,02217.1960,E,2,12,0.5,8.8,M,18.6,M,,*46
$GPGGA,060043,6016.8339,N,02217.1960,E,2,12,0.5,8.8,M,0.0,M,,*7E
$GPGLL,6016.8339,N,02217.1960,E,060043.020,A*3F
$GPRMC,060043,A,6016.8339,N,02217.1960,E,0.0,0.0,090425,9.1,E*7D
$GPGLL,6016.8339,N,02217.1960,E,060044.020,A*38
$GPRMC,060044,A,6016.8339,N,02217.1960,E,0.0,0.0,090425,9.1,E*7A
$IIHDM,273.1,M*25
$IIHDG,273.10,9.10,E,,*2D
$IIHDM,273.1,M*25
$IIHDT,282.2,T*28
$IIHDT,282.2,T*28
$GPGGA,060045,6016.8339,N,02217.1960,E,2,12,0.5,8.8,M,18.6,M,,*47
$GPGGA,060044,6016.8339,N,02217.1960,E,2,12,0.5,8.8,M,0.0,M,,*79
$GPGLL,6016.8339,N,02217.1960,E,060044.020,A*38
$GPRMC,060044,A,6016.8339,N,02217.1960,E,0.0,0.0,090425,9.1,E*7A
$GPGLL,6016.8339,N,02217.1960,E,060045.020,A*39
$GPRMC,060045,A,6016.8339,N,02217.1960,E,0.0,0.0,090425,9.1,E*7B
$IIHDG,273.10,9.10,E,,*2D
$IIHDT,282.2,T*28
$IIHDM,273.1,M*25
$IIHDG,273.10,9.10,E,,*2D
$IIHDM,273.1,M*25
$IIHDT,282.2,T*28
$IIHDT,282.2,T*28
$GPGGA,060046,6016.8339,N,02217.1960,E,2,12,0.5,8.8,M,18.6,M,,*44
$GPGGA,060045,6016.8339,N,02217.1960,E,2,12,0.5,8.8,M,0.0,M,,*78
$GPGLL,6016.8339,N,02217.1960,E,060045.020,A*39
$GPRMC,060045,A,6016.8339,N,02217.1960,E,0.0,0.0,090425,9.1,E*7B
$GPGLL,6016.8339,N,02217.1960,E,060046.020,A*3A
$GPRMC,060046,A,6016.8339,N,02217.1960,E,0.0,0.0,090425,9.1,E*78
$IIHDG,273.10,9.10,E,,*2D
$IIHDT,282.2,T*28
$IIHDM,273.1,M*25
$IIHDG,273.10,9.10,E,,*2D
$IIHDM,273.1,M*25
$IIHDT,282.2,T*28
$IIHDT,282.2,T*28
$GPGGA,060047,6016.8339,N,02217.1960,E,2,12,0.5,8.8,M,18.6,M,,*45
$GPGGA,060046,6016.8339,N,02217.1960,E,2,12,0.5,8.8,M,0.0,M,,*7B
$GPGLL,6016.8339,N,02217.1960,E,060046.020,A*3A
$GPRMC,060046,A,6016.8339,N,02217.1960,E,0.0,0.0,090425,9.1,E*78
$GPGLL,6016.8339,N,02217.1960,E,060047.020,A*3B
$GPRMC,060047,A,6016.8339,N,02217.1960,E,0.0,0.0,090425,9.1,E*79
$IIHDM,273.1,M*25
$IIHDG,273.10,9.10,E,,*2D
$IIHDM,273.1,M*25
$IIHDT,282.2,T*28
$IIHDT,282.2,T*28
$GPGGA,060048,6016.8339,N,02217.1960,E,2,12,0.5,8.8,M,18.6,M,,*4A
$GPGGA,060047,6016.8339,N,02217.1960,E,2,12,0.5,8.8,M,0.0,M,,*7A
$GPGLL,6016.8339,N,02217.1960,E,060047.020,A*3B
$GPRMC,060047,A,6016.8339,N,02217.1960,E,0.0,0.0,090425,9.1,E*79
$GPGLL,6016.8339,N,02217.1960,E,060048.020,A*34
$GPRMC,060048,A,6016.8339,N,02217.1960,E,0.0,0.0,090425,9.1,E*76
$IIHDM,273.1,M*25
$IIHDG,273.10,9.10,E,,*2D
$IIHDM,273.1,M*25
$IIHDT,282.2,T*28
$IIHDT,282.2,T*28
$GPGGA,060049,6016.8339,N,02217.1960,E,2,12,0.5,8.8,M,18.6,M,,*4B
$GPGGA,060048,6016.8339,N,02217.1960,E,2,12,0.5,8.8,M,0.0,M,,*75
$GPGLL,6016.8339,N,02217.1960,E,060048.020,A*34
$GPRMC,060048,A,6016.8339,N,02217.1960,E,0.0,0.0,090425,9.1,E*76
$GPGLL,6016.8339,N,02217.1960,E,060049.020,A*35
$GPRMC,060049,A,6016.8339,N,02217.1960,E,0.0,0.0,090425,9.1,E*77
$IIHDM,273.1,M*25
$IIHDG,273.10,9.10,E,,*2D
$IIHDM,273.1,M*25
$IIHDT,282.2,T*28
$IIHDT,282.2,T*28
$GPGGA,060050,6016.8339,N,02217.1960,E,2,12,0.5,8.8,M,18.6,M,,*43
$GPGGA,060049,6016.8339,N,02217.1960,E,2,12,0.5,8.8,M,0.0,M,,*74
$GPGLL,6016.8339,N,02217.1960,E,060049.020,A*35
$GPRMC,060049,A,6016.8339,N,02217.1960,E,0.0,0.0,090425,9.1,E*77
$GPGLL,6016.8339,N,02217.1960,E,060050.020,A*3D
$GPRMC,060050,A,6016.8339,N,02217.1960,E,0.0,0.0,090425,9.1,E*7F
$IIHDM,273.1,M*25
$IIHDG,273.10,9.10,E,,*2D
$IIHDM,273.1,M*25
$IIHDT,282.2,T*28
$IIHDT,282.2,T*28
$GPGGA,060051,6016.8339,N,02217.1960,E,2,12,0.5,8.8,M,18.6,M,,*42
$GPGGA,060050,6016.8339,N,02217.1960,E,2,12,0.5,8.8,M,0.0,M,,*7C
$GPGLL,6016.8339,N,02217.1960,E,060050.020,A*3D
$GPRMC,060050,A,6016.8339,N,02217.1960,E,0.0,0.0,090425,9.1,E*7F
$GPGLL,6016.8339,N,02217.1960,E,060051.020,A*3C
$GPRMC,060051,A,6016.8339,N,02217.1960,E,0.0,0.0,090425,9.1,E*7E
!AIVDM,1,1,,A,33L?H900001V7b0RO:I9C;;p0000,0*42
!AIVDM,1,1,,A,53L?H9400000tLE0000hDtpTD00000000000001?00j330000540DQhDh00000000000000,0*57
!AIVDM,1,1,,A,B3KK;SP000IPDL8Wpa<02=N00000,0*4D
!AIVDM,1,1,,A,H3KK;SP5848Dhh4000000000000,0*14
!AIVDM,1,1,,A,H3KK;STU0000000?8mlqh000;220,0*20
$IIHDM,273.1,M*25
$IIHDG,273.10,9.10,E,,*2D
$IIHDM,273.1,M*25
$IIHDT,282.2,T*28
$IIHDT,282.2,T*28
$GPGGA,060052,6016.8339,N,02217.1960,E,2,12,0.5,8.7,M,18.6,M,,*4E
$GPGGA,060051,6016.8339,N,02217.1960,E,2,12,0.5,8.8,M,0.0,M,,*7D
$GPGLL,6016.8339,N,02217.1960,E,060051.020,A*3C
$GPRMC,060051,A,6016.8339,N,02217.1960,E,0.0,0.0,090425,9.1,E*7E
$GPGLL,6016.8339,N,02217.1960,E,060052.020,A*3F
$GPRMC,060052,A,6016.8339,N,02217.1960,E,0.0,0.0,090425,9.1,E*7D
$IIHDM,273.1,M*25
$IIHDG,273.10,9.10,E,,*2D
$IIHDM,273.1,M*25
$IIHDT,282.2,T*28
$IIHDT,282.2,T*28
$GPGGA,060053,6016.8339,N,02217.1960,E,2,12,0.5,8.7,M,18.6,M,,*4F
$GPGGA,060052,6016.8339,N,02217.1960,E,2,12,0.5,8.7,M,0.0,M,,*71
$GPGLL,6016.8339,N,02217.1960,E,060052.020,A*3F
$GPRMC,060052,A,6016.8339,N,02217.1960,E,0.0,0.0,090425,9.1,E*7D
$GPGLL,6016.8339,N,02217.1960,E,060053.020,A*3E
$GPRMC,060053,A,6016.8339,N,02217.1960,E,0.0,0.0,090425,9.1,E*7C
!AIVDO,1,1,,A,33L?H900001V7atRO:I9Uc;p0000,0*49
!AIVDO,1,1,,A,53L?H9400000tLE0000hDtpTD00000000000001?00j330000540DQhDh00000000000000,0*55
!AIVDM,1,1,,A,33L?GjUP@01V5B>RP3ooRm?p0000,0*62
!AIVDM,1,1,,A,53L?GjT00000t`pD0008U<tp000000000000000l00R440000:1RD0DP000000000000000,0*58
!AIVDM,1,1,,A,B3KK;SP000IPDQ8Wpa402=N00000,0*58
$GPRMC,060053,A,6016.8339,N,02217.1960,E,0.0,0.0,090425,9.1,E*7C
$GPGGA,060053,6016.8337,N,02217.1970,E,2,12,0.5,8.7,M,0.0,M,,*7F
$GPGLL,6016.8337,N,02217.1970,E,060053.020,A*31
!AIVDM,1,1,,A,H3KK;SP5848Dhh4000000000000,0*14
!AIVDM,1,1,,A,H3KK;STU0000000?8mlqh000;220,0*20
!AIVDM,1,1,,A,302<HTP0001V?W0RS3qP001p0000,0*3A
$IIHDM,273.1,M*25
$IIHDG,273.10,9.10,E,,*2D
$IIHDM,273.1,M*25
$IIHDT,282.2,T*28
$IIHDT,282.2,T*28
$GPGGA,060054,6016.8339,N,02217.1960,E,2,12,0.5,8.7,M,18.6,M,,*48
$GPGGA,060053,6016.8339,N,02217.1960,E,2,12,0.5,8.7,M,0.0,M,,*70
$GPGLL,6016.8339,N,02217.1960,E,060053.020,A*3E
$GPRMC,060053,A,6016.8339,N,02217.1960,E,0.0,0.0,090425,9.1,E*7C
$GPGLL,6016.8339,N,02217.1960,E,060054.020,A*39
$GPRMC,060054,A,6016.8339,N,02217.1960,E,0.0,0.0,090425,9.1,E*7B
$IIHDM,273.1,M*25
$IIHDG,273.10,9.10,E,,*2D
$IIHDM,273.1,M*25
$IIHDT,282.2,T*28
$IIHDT,282.2,T*28
$GPGGA,060055,6016.8339,N,02217.1960,E,2,12,0.5,8.7,M,18.6,M,,*49
$GPGGA,060054,6016.8339,N,02217.1960,E,2,12,0.5,8.7,M,0.0,M,,*77
$GPGLL,6016.8339,N,02217.1960,E,060054.020,A*39
$GPRMC,060054,A,6016.8339,N,02217.1960,E,0.0,0.0,090425,9.1,E*7B
$GPGLL,6016.8339,N,02217.1960,E,060055.020,A*38
$GPRMC,060055,A,6016.8339,N,02217.1960,E,0.0,0.0,090425,9.1,E*7A
$IIHDM,273.1,M*25
$IIHDG,273.10,9.10,E,,*2D
$IIHDM,273.1,M*25
$IIHDT,282.2,T*28
$IIHDT,282.2,T*28
$GPGGA,060056,6016.8339,N,02217.1960,E,2,12,0.5,8.6,M,18.6,M,,*4B
$GPGGA,060055,6016.8339,N,02217.1960,E,2,12,0.5,8.7,M,0.0,M,,*76
$GPGLL,6016.8339,N,02217.1960,E,060055.020,A*38
$GPRMC,060055,A,6016.8339,N,02217.1960,E,0.0,0.0,090425,9.1,E*7A
$GPGLL,6016.8339,N,02217.1960,E,060056.020,A*3B
$GPRMC,060056,A,6016.8339,N,02217.1960,E,0.0,0.0,090425,9.1,E*79
$IIHDM,273.1,M*25
$IIHDG,273.10,9.10,E,,*2D
$IIHDM,273.1,M*25
$IIHDT,282.2,T*28
$IIHDT,282.2,T*28
$GPGGA,060057,6016.8339,N,02217.1960,E,2,12,0.5,8.6,M,18.6,M,,*4A
$GPGGA,060056,6016.8339,N,02217.1960,E,2,12,0.5,8.6,M,0.0,M,,*74
$GPGLL,6016.8339,N,02217.1960,E,060056.020,A*3B
$GPRMC,060056,A,6016.8339,N,02217.1960,E,0.0,0.0,090425,9.1,E*79
$GPGLL,6016.8339,N,02217.1960,E,060057.020,A*3A
$GPRMC,060057,A,6016.8339,N,02217.1960,E,0.0,0.0,090425,9.1,E*78
$IIHDG,273.10,9.10,E,,*2D
$IIHDT,282.2,T*28
$IIHDM,273.1,M*25
$IIHDG,273.10,9.10,E,,*2D
$IIHDM,273.1,M*25
$IIHDT,282.2,T*28
$IIHDT,282.2,T*28
$GPGGA,060058,6016.8339,N,02217.1960,E,2,12,0.5,8.6,M,18.6,M,,*45
$GPGGA,060057,6016.8339,N,02217.1960,E,2,12,0.5,8.6,M,0.0,M,,*75
$GPGLL,6016.8339,N,02217.1960,E,060057.020,A*3A
$GPRMC,060057,A,6016.8339,N,02217.1960,E,0.0,0.0,090425,9.1,E*78
$GPGLL,6016.8339,N,02217.1960,E,060058.020,A*35
$GPRMC,060058,A,6016.8339,N,02217.1960,E,0.0,0.0,090425,9.1,E*77
$IIHDM,273.1,M*25
$IIHDG,273.10,9.10,E,,*2D
$IIHDM,273.1,M*25
$IIHDT,282.2,T*28
$IIHDT,282.2,T*28
$GPGGA,060059,6016.8339,N,02217.1960,E,2,12,0.5,8.6,M,18.6,M,,*44
$GPGGA,060058,6016.8339,N,02217.1960,E,2,12,0.5,8.6,M,0.0,M,,*7A
$GPGLL,6016.8339,N,02217.1960,E,060058.020,A*35
$GPRMC,060058,A,6016.8339,N,02217.1960,E,0.0,0.0,090425,9.1,E*77
$GPGLL,6016.8339,N,02217.1960,E,060059.020,A*34
$GPRMC,060059,A,6016.8339,N,02217.1960,E,0.0,0.0,090425,9.1,E*76
$IIHDM,273.1,M*25
$IIHDG,273.10,9.10,E,,*2D
$IIHDM,273.1,M*25
$IIHDT,282.2,T*28
$IIHDT,282.2,T*28
$GPGGA,060100,6016.8339,N,02217.1960,E,2,12,0.5,8.6,M,18.6,M,,*49
$GPGGA,060059,6016.8339,N,02217.1960,E,2,12,0.5,8.6,M,0.0,M,,*7B
$GPGLL,6016.8339,N,02217.1960,E,060059.020,A*34
$GPRMC,060059,A,6016.8339,N,02217.1960,E,0.0,0.0,090425,9.1,E*76
$GPGLL,6016.8339,N,02217.1960,E,060100.020,A*39
$GPRMC,060100,A,6016.8339,N,02217.1960,E,0.0,0.0,090425,9.1,E*7B
$IIHDG,273.10,9.10,E,,*2D
$IIHDT,282.2,T*28
$IIHDM,273.1,M*25
$IIHDG,273.10,9.10,E,,*2D
$IIHDM,273.1,M*25
$IIHDT,282.2,T*28
$IIHDT,282.2,T*28
$GPGGA,060101,6016.8339,N,02217.1960,E,2,12,0.5,8.6,M,18.6,M,,*48
$GPGGA,060100,6016.8339,N,02217.1960,E,2,12,0.5,8.6,M,0.0,M,,*76
$GPGLL,6016.8339,N,02217.1960,E,060100.020,A*39
$GPRMC,060100,A,6016.8339,N,02217.1960,E,0.0,0.0,090425,9.1,E*7B
$GPGLL,6016.8339,N,02217.1960,E,060101.020,A*38
$GPRMC,060101,A,6016.8339,N,02217.1960,E,0.0,0.0,090425,9.1,E*7A
$IIHDG,273.10,9.10,E,,*2D
$IIHDT,282.2,T*28
!AIVDO,1,1,,A,33Kch>50001V576RP4LbWDsp0000,0*04
!AIVDO,1,1,,A,53Kch>400000tTtl000dDlV3400000000000000l00F33000051RD0DP000000000000000,0*61
!AIVDM,1,1,,A,33L?H900001V7atRO:I9Uc;p0000,0*4B
!AIVDM,1,1,,A,53L?H9400000tLE0000hDtpTD00000000000001?00j330000540DQhDh00000000000000,0*57
!AIVDM,1,1,,A,33L?GjU0001V5B>RP3ooRm?p0000,0*72
!AIVDM,1,1,,A,53L?GjT00000t`pD0008U<tp000000000000000l00R440000:1RD0DP000000000000000,0*58
!AIVDM,1,1,,A,B3KK;SP000IPDL8Wpa<02=N00000,0*4D
!AIVDM,1,1,,A,H3KK;SP5848Dhh4000000000000,0*14
!AIVDM,1,1,,A,H3KK;STU0000000?8mlqh000;220,0*20
$IIHDM,273.1,M*25
$IIHDG,273.10,9.10,E,,*2D
$IIHDM,273.1,M*25
$IIHDT,282.2,T*28
$IIHDT,282.2,T*28
$GPGGA,060102,6016.8339,N,02217.1960,E,2,12,0.5,8.6,M,18.6,M,,*4B
$GPGGA,060101,6016.8339,N,02217.1960,E,2,12,0.5,8.6,M,0.0,M,,*77
$GPGLL,6016.8339,N,02217.1960,E,060101.020,A*38
$GPRMC,060101,A,6016.8339,N,02217.1960,E,0.0,0.0,090425,9.1,E*7A
$GPGLL,6016.8339,N,02217.1960,E,060102.020,A*3B
$GPRMC,060102,A,6016.8339,N,02217.1960,E,0.0,0.0,090425,9.1,E*79
$IIHDG,273.10,9.10,E,,*2D
$IIHDT,282.2,T*28
$IIHDM,273.1,M*25
$IIHDG,273.10,9.10,E,,*2D
$IIHDM,273.1,M*25
$IIHDT,282.2,T*28
$IIHDT,282.2,T*28
$GPGGA,060103,6016.8339,N,02217.1960,E,2,12,0.5,8.6,M,18.6,M,,*4A
$GPGGA,060102,6016.8339,N,02217.1960,E,2,12,0.5,8.6,M,0.0,M,,*74
$GPGLL,6016.8339,N,02217.1960,E,060102.020,A*3B
$GPRMC,060102,A,6016.8339,N,02217.1960,E,0.0,0.0,090425,9.1,E*79
$GPGLL,6016.8339,N,02217.1960,E,060103.020,A*3A
$GPRMC,060103,A,6016.8339,N,02217.1960,E,0.0,0.0,090425,9.1,E*78
$IIHDG,273.10,9.10,E,,*2D
$IIHDT,282.2,T*28
!AIVDO,1,1,,A,33L?H900001V7arRO:II2K;p0000,0*70
!AIVDO,1,1,,A,53L?H9400000tLE0000hDtpTD00000000000001?00j330000540DQhDh00000000000000,0*55
!AIVDM,1,1,,A,33Kch>50001V576RP4LbWDsp0000,0*06
!AIVDM,1,1,,A,53Kch>400000tTtl000dDlV3400000000000000l00F33000051RD0DP000000000000000,0*63
!AIVDM,1,1,,A,B3KK;SP000IPDQ8Wpa002=N00000,0*5C
$GPRMC,060103,A,6016.8339,N,02217.1960,E,0.0,0.0,090425,9.1,E*78
$GPGGA,060103,6016.8336,N,02217.1970,E,2,12,0.5,8.6,M,0.0,M,,*7B
$GPGLL,6016.8336,N,02217.1970,E,060103.020,A*34
!AIVDM,1,1,,A,H3KK;SP5848Dhh4000000000000,0*14
!AIVDM,1,1,,A,H3KK;STU0000000?8mlqh000;220,0*20
!AIVDM,1,1,,A,302<HTP0001V?W0RS3qP001p0000,0*3A
$IIHDM,273.1,M*25
$IIHDG,273.10,9.10,E,,*2D
$IIHDM,273.1,M*25
$IIHDT,282.2,T*28
$IIHDT,282.2,T*28
$GPGGA,060104,6016.8339,N,02217.1960,E,2,12,0.5,8.5,M,18.6,M,,*4E
$GPGGA,060103,6016.8339,N,02217.1960,E,2,12,0.5,8.6,M,0.0,M,,*75
$GPGLL,6016.8339,N,02217.1960,E,060103.020,A*3A
$GPRMC,060103,A,6016.8339,N,02217.1960,E,0.0,0.0,090425,9.1,E*78
$GPGLL,6016.8339,N,02217.1960,E,060104.020,A*3D
$GPRMC,060104,A,6016.8339,N,02217.1960,E,0.0,0.0,090425,9.1,E*7F
$IIHDM,273.1,M*25
$IIHDG,273.10,9.10,E,,*2D
$IIHDM,273.1,M*25
$IIHDT,282.2,T*28
$IIHDT,282.2,T*28
$GPGGA,060105,6016.8339,N,02217.1960,E,2,12,0.5,8.5,M,18.6,M,,*4F
$GPGGA,060104,6016.8339,N,02217.1960,E,2,12,0.5,8.5,M,0.0,M,,*71
$GPGLL,6016.8339,N,02217.1960,E,060104.020,A*3D
$GPRMC,060104,A,6016.8339,N,02217.1960,E,0.0,0.0,090425,9.1,E*7F
$GPGLL,6016.8339,N,02217.1960,E,060105.020,A*3C
$GPRMC,060105,A,6016.8339,N,02217.1960,E,0.0,0.0,090425,9.1,E*7E
$IIHDM,273.1,M*25
$IIHDG,273.10,9.10,E,,*2D
$IIHDM,273.1,M*25
$IIHDT,282.2,T*28
$IIHDT,282.2,T*28
$GPGGA,060106,6016.8339,N,02217.1960,E,2,12,0.5,8.5,M,18.6,M,,*4C
$GPGGA,060105,6016.8339,N,02217.1960,E,2,12,0.5,8.5,M,0.0,M,,*70
$GPGLL,6016.8339,N,02217.1960,E,060105.020,A*3C
$GPRMC,060105,A,6016.8339,N,02217.1960,E,0.0,0.0,090425,9.1,E*7E
$GPGLL,6016.8339,N,02217.1960,E,060106.020,A*3F
$GPRMC,060106,A,6016.8339,N,02217.1960,E,0.0,0.0,090425,9.1,E*7D
